,Unnamed: 0,TrackID,cell_x,cell_y,death_time
0,0,1,283.4,920.4,270
1,1,2,801.45,936.0,185
2,2,3,690.3,928.85,210
3,3,4,659.1,929.5,235
4,4,6,555.75,928.85,220
5,5,7,961.35,919.1,185
6,6,8,409.5,921.7,220
7,7,9,393.9,923.65,205
8,8,10,937.95,927.55,250
9,9,11,776.1,923.65,220
10,10,12,614.25,923.0,210
11,11,13,300.3,921.05,180
12,12,14,878.8,922.35,185
13,13,15,758.55,923.0,225
14,14,16,372.45,921.7,195
15,15,17,817.7,923.65,215
16,16,18,837.2,918.45,195
17,17,20,612.3,940.55,240
18,18,21,593.45,941.2,200
19,19,22,677.3,937.95,205
20,20,23,739.05,937.95,220
21,21,24,826.8,937.95,200
22,22,25,407.55,937.3,200
23,23,26,351.0,934.05,235
24,24,27,463.45,941.2,205
25,25,28,593.45,925.6,290
26,26,29,568.75,935.35,215
27,27,30,860.6,931.45,190
28,28,31,627.9,935.35,235
29,29,32,443.95,932.1,190
30,30,33,723.45,929.5,240
31,31,34,317.85,930.15,180
32,32,35,952.9,930.8,210
33,33,36,743.6,902.85,200
34,34,37,271.7,904.8,235
35,35,38,865.15,908.7,230
36,36,39,628.55,909.35,210
37,37,40,918.45,902.2,235
38,38,41,568.1,904.8,220
39,39,42,286.0,902.2,200
40,40,43,807.3,902.85,190
41,41,44,785.2,904.15,165
42,42,45,889.2,908.7,155
43,43,46,554.45,901.55,215
44,44,47,498.55,900.9,205
45,45,48,938.6,895.7,160
46,46,49,906.75,897.0,235
47,47,50,391.95,894.4,200
48,48,51,349.7,897.65,195
49,49,52,674.05,894.4,255
50,50,53,424.45,910.0,205
51,51,54,427.7,923.0,140
52,52,55,933.4,913.9,240
53,53,56,679.25,917.8,280
54,54,57,351.0,915.85,200
55,55,58,738.4,917.8,200
56,56,59,801.45,917.15,195
57,57,60,474.5,911.95,195
58,58,61,911.3,914.55,195
59,59,62,841.1,943.8,190
60,60,63,514.8,910.0,190
61,61,64,296.4,908.05,195
62,62,66,319.15,907.4,185
63,63,67,703.95,910.0,255
64,64,68,762.45,908.05,200
65,65,69,952.25,908.05,245
66,66,70,546.65,967.2,205
67,67,71,850.85,971.1,235
68,68,72,319.8,969.15,205
69,69,73,774.15,969.8,200
70,70,74,670.8,971.1,210
71,71,75,388.05,969.15,200
72,72,76,523.9,971.1,200
73,73,77,497.9,971.1,200
74,74,78,440.05,971.1,210
75,75,79,609.05,973.7,210
76,76,80,362.7,967.85,200
77,77,81,921.7,963.95,260
78,78,82,572.0,971.1,280
79,79,83,478.4,970.45,220
80,80,84,960.7,965.25,265
81,81,85,795.6,965.9,240
82,82,86,297.05,958.1,190
83,83,87,884.65,961.35,190
84,84,88,900.9,975.65,220
85,85,89,919.75,978.25,245
86,86,90,471.25,984.1,205
87,87,92,802.1,978.9,190
88,88,93,297.7,979.55,205
89,89,94,820.3,978.25,220
90,90,95,620.75,981.5,185
91,91,96,882.7,979.55,200
92,92,97,739.05,960.05,205
93,93,99,935.35,972.4,265
94,94,100,716.3,971.1,215
95,95,101,283.4,968.5,195
96,96,102,594.75,971.1,200
97,97,103,347.75,976.95,205
98,98,104,949.0,969.15,245
99,99,105,286.65,942.5,200
100,100,106,702.65,950.3,205
101,101,107,436.15,948.35,215
102,102,108,365.95,947.05,195
103,103,109,308.75,945.75,215
104,104,110,717.6,947.7,205
105,105,111,555.1,945.75,175
106,106,112,924.3,939.9,940
107,107,113,863.85,950.95,215
108,108,114,952.9,947.7,285
109,109,115,755.3,942.5,205
110,110,116,784.55,944.45,200
111,111,117,484.9,945.75,195
112,112,118,893.1,941.2,195
113,113,119,297.05,939.9,220
114,114,120,707.85,937.3,210
115,115,121,386.75,941.2,205
116,116,122,908.05,950.3,195
117,117,123,455.0,963.95,220
118,118,124,590.2,954.85,180
119,119,125,828.75,959.4,200
120,120,126,655.2,954.2,190
121,121,127,619.45,957.45,210
122,122,128,495.95,958.1,210
123,123,129,942.5,950.95,170
124,124,130,605.15,955.5,200
125,125,131,595.4,902.2,255
126,126,132,391.95,954.2,205
127,127,134,631.15,952.9,220
128,128,135,344.5,954.2,195
129,129,136,326.95,952.9,225
130,130,137,523.25,955.5,200
131,131,138,414.7,952.9,120
132,132,139,896.35,839.15,200
133,133,140,328.25,846.3,230
134,134,141,809.9,843.7,200
135,135,142,375.05,840.45,195
136,136,143,716.3,845.65,190
137,137,145,876.2,839.15,175
138,138,146,591.5,842.4,190
139,139,147,449.8,837.85,185
140,140,148,837.2,845.65,155
141,141,149,525.85,837.2,200
142,142,150,466.7,840.45,195
143,143,151,276.25,839.8,290
144,144,152,852.8,836.55,185
145,145,153,781.3,839.15,195
146,146,154,306.15,838.5,330
147,147,155,572.0,841.75,180
148,148,156,936.0,836.55,210
149,149,157,753.35,850.2,205
150,150,158,824.2,857.35,185
151,151,159,491.4,854.1,185
152,152,160,280.15,852.15,325
153,153,161,668.2,851.5,205
154,154,162,887.9,852.15,215
155,155,163,916.5,845.0,225
156,156,164,929.5,846.95,250
157,157,165,362.7,846.95,195
158,158,166,739.05,841.1,200
159,159,167,639.6,848.9,340
160,160,169,435.5,849.55,210
161,161,170,341.9,847.6,210
162,162,171,293.15,844.35,165
163,163,172,618.8,846.3,205
164,164,173,947.7,849.55,210
165,165,174,865.15,819.65,190
166,166,175,602.55,828.1,235
167,167,176,897.0,824.85,225
168,168,177,794.95,826.15,225
169,169,179,748.15,826.15,170
170,170,181,694.85,819.65,230
171,171,182,583.7,822.9,175
172,172,183,315.25,825.5,220
173,173,184,557.05,822.25,215
174,174,185,848.9,818.35,185
175,175,186,390.65,819.0,175
176,176,187,336.05,820.3,215
177,177,188,934.7,816.4,230
178,178,189,733.2,819.65,200
179,179,190,773.5,817.05,220
180,180,191,655.2,832.65,190
181,181,192,924.95,834.6,255
182,182,193,700.7,839.8,200
183,183,194,547.95,837.85,205
184,184,196,403.0,837.85,210
185,185,197,481.65,833.3,200
186,186,198,830.05,832.65,205
187,187,199,767.65,833.95,210
188,188,200,701.35,858.0,205
189,189,201,629.85,828.1,245
190,190,202,416.0,831.35,215
191,191,203,673.4,830.05,180
192,192,204,882.05,825.5,205
193,193,205,945.1,828.75,215
194,194,206,912.6,826.8,220
195,195,207,809.9,825.5,205
196,196,208,280.8,878.15,240
197,197,209,713.05,886.6,200
198,198,210,366.6,884.65,190
199,199,211,906.75,880.75,265
200,200,212,562.25,884.65,165
201,201,213,525.2,881.4,200
202,202,214,872.95,877.5,195
203,203,216,933.4,878.15,285
204,204,217,579.8,884.65,230
205,205,218,833.95,880.75,210
206,206,219,765.7,878.8,200
207,207,220,729.3,877.5,260
208,208,221,642.2,878.15,260
209,209,222,547.95,880.75,200
210,210,223,624.0,880.75,250
211,211,224,674.7,876.85,265
212,212,225,469.3,877.5,195
213,213,226,275.6,893.1,205
214,214,227,264.55,889.2,230
215,215,228,695.5,895.7,215
216,216,229,477.75,893.1,205
217,217,230,878.15,891.8,200
218,218,231,330.85,886.6,215
219,219,232,858.65,887.9,210
220,220,233,603.85,891.15,220
221,221,234,310.7,887.25,230
222,222,235,854.75,872.3,200
223,223,236,948.35,893.75,320
224,224,237,659.1,893.75,255
225,225,238,456.95,892.45,195
226,226,239,819.65,887.25,195
227,227,240,505.05,885.95,195
228,228,241,920.4,887.25,230
229,229,242,295.1,886.6,225
230,230,243,857.35,856.05,190
231,231,244,408.2,866.45,285
232,232,245,388.05,864.5,220
233,233,246,878.15,860.6,210
234,234,248,557.7,860.6,195
235,235,249,744.9,866.45,240
236,236,250,939.9,864.5,230
237,237,251,269.75,857.35,225
238,238,252,346.45,865.15,230
239,239,253,603.85,860.6,195
240,240,254,575.25,863.85,190
241,241,255,293.8,856.05,195
242,242,256,726.05,857.35,170
243,243,257,902.85,861.9,210
244,244,258,791.05,859.95,225
245,245,259,764.4,859.95,240
246,246,260,890.5,869.7,220
247,247,261,653.9,873.6,240
248,248,262,269.1,871.65,265
249,249,263,951.6,876.85,265
250,250,264,319.8,869.05,280
251,251,265,288.6,869.7,210
252,252,266,432.9,873.6,200
253,253,267,481.0,869.7,215
254,254,268,303.55,871.0,230
255,255,269,534.3,979.55,205
256,256,270,453.05,869.05,200
257,257,271,699.4,874.9,215
258,258,272,583.7,871.0,210
259,259,273,367.25,869.05,195
260,260,274,923.0,867.1,250
261,261,275,710.45,867.1,205
262,262,276,522.6,863.2,195
263,263,277,697.45,1101.75,210
264,264,278,423.8,1102.4,235
265,265,279,595.4,1106.95,205
266,266,280,645.45,1107.6,195
267,267,281,507.0,1101.1,235
268,268,282,557.7,1100.45,215
269,269,283,578.5,1102.4,195
270,270,284,439.4,1098.5,240
271,271,285,491.4,1100.45,210
272,272,286,719.55,1103.05,195
273,273,287,664.3,1097.2,190
274,274,288,544.7,1099.15,230
275,275,289,410.8,1096.55,250
276,276,290,731.9,1092.65,205
277,277,291,468.0,1093.3,200
278,278,292,400.4,1091.35,280
279,279,293,479.7,1093.95,195
280,280,294,523.25,1093.95,215
281,281,295,434.2,1115.4,210
282,282,296,499.85,1125.8,200
283,283,297,645.45,1124.5,195
284,284,298,515.45,1122.55,200
285,285,299,485.55,1119.95,180
286,286,300,586.3,1118.0,205
287,287,301,421.2,1113.45,195
288,288,302,543.4,1116.7,195
289,289,303,473.2,1111.5,215
290,290,304,813.15,1080.3,200
291,291,305,557.7,1115.4,200
292,292,306,526.5,1114.75,205
293,293,307,405.6,1110.2,210
294,294,309,627.9,1108.9,200
295,295,310,461.5,1108.25,245
296,296,311,449.15,1104.35,260
297,297,312,637.65,1077.05,215
298,298,313,864.5,1063.4,270
299,299,314,753.35,1079.0,200
300,300,315,567.45,1080.95,210
301,301,316,551.85,1082.9,230
302,302,317,829.4,1073.8,205
303,303,318,512.2,1079.0,200
304,304,319,657.15,1077.05,190
305,305,320,450.45,1073.15,230
306,306,321,481.65,1080.3,190
307,307,322,760.5,1067.95,225
308,308,323,783.25,1066.65,215
309,309,324,817.05,1064.05,245
310,310,325,688.35,1069.25,200
311,311,326,573.3,1067.95,205
312,312,327,427.7,1066.65,250
313,313,328,604.5,1073.15,175
314,314,329,392.6,1081.6,220
315,315,330,649.35,1088.1,195
316,316,331,626.6,1093.3,220
317,317,332,424.45,1085.5,240
318,318,333,772.85,1077.05,195
319,319,334,577.2,1088.1,185
320,320,335,613.6,1088.1,210
321,321,336,592.15,1087.45,195
322,322,337,441.35,1082.9,230
323,323,338,447.2,1119.95,250
324,324,339,404.95,1080.95,260
325,325,340,848.9,1071.85,200
326,326,341,802.1,1076.4,200
327,327,342,713.7,1086.15,160
328,328,343,673.4,1082.25,195
329,329,344,529.75,1080.3,225
330,330,345,495.3,1082.25,190
331,331,346,553.8,1179.1,210
332,332,347,558.35,1195.35,250
333,333,348,533.0,1194.7,150
334,334,350,659.1,1182.35,205
335,335,351,636.35,1186.25,205
336,336,353,578.5,1181.05,200
337,337,354,529.1,1177.8,195
338,338,355,634.4,1198.6,200
339,339,356,464.75,1170.0,195
340,340,357,513.5,1177.15,190
341,341,358,493.35,1182.35,200
342,342,359,611.65,1173.9,195
343,343,360,668.2,1171.3,160
344,344,361,631.8,1172.6,220
345,345,363,477.1,1165.45,205
346,346,364,580.45,1211.6,185
347,347,365,694.85,462.15,195
348,348,366,547.3,1225.9,235
349,349,368,525.2,1212.9,215
350,350,369,507.0,1209.65,210
351,351,370,563.55,1218.75,255
352,352,371,604.5,1216.8,210
353,353,372,536.9,1209.65,215
354,354,373,655.2,1164.8,205
355,355,374,549.25,1209.65,235
356,356,375,625.3,1211.6,200
357,357,376,514.15,1199.9,195
358,358,377,648.7,1209.65,210
359,359,378,572.0,1201.85,195
360,360,379,608.4,1199.25,215
361,361,381,438.1,1129.7,230
362,362,382,412.1,1138.15,200
363,363,383,455.0,1134.9,220
364,364,384,555.1,1140.1,220
365,365,385,524.55,1141.4,195
366,366,386,481.0,1136.2,225
367,367,387,613.6,1134.25,195
368,368,388,467.35,1129.05,250
369,369,389,596.05,1133.6,210
370,370,390,687.7,1140.75,225
371,371,391,539.5,1134.9,200
372,372,392,663.65,1130.35,205
373,373,393,405.6,1125.8,225
374,374,394,697.45,1125.8,220
375,375,395,566.8,1127.75,195
376,376,396,416.65,1123.85,225
377,377,397,711.1,1123.2,205
378,378,398,479.05,1151.8,210
379,379,400,492.7,1162.85,200
380,380,401,538.85,1164.15,205
381,381,402,509.6,1161.55,195
382,382,403,683.8,1162.2,225
383,383,405,524.55,1157.0,195
384,384,406,423.15,1144.65,180
385,385,407,485.55,1067.95,190
386,386,408,601.9,1148.55,195
387,387,409,447.85,1144.0,195
388,388,410,640.9,1153.1,200
389,389,411,429.65,1138.8,195
390,390,412,578.5,1147.25,225
391,391,413,502.45,1146.6,200
392,392,414,467.35,1147.25,195
393,393,415,641.55,1007.5,200
394,394,416,737.1,1008.8,205
395,395,417,897.0,1006.2,210
396,396,418,422.5,1011.4,200
397,397,419,874.9,1005.55,200
398,398,420,609.7,1014.0,205
399,399,421,559.0,1010.75,200
400,400,422,338.0,1014.0,245
401,401,423,940.55,1001.0,225
402,402,424,781.95,1010.75,170
403,403,425,927.55,1001.65,205
404,404,427,516.1,1008.8,255
405,405,428,309.4,1002.95,240
406,406,429,677.3,1001.0,205
407,407,431,759.85,1002.3,220
408,408,432,663.65,1002.3,180
409,409,433,454.35,1019.2,220
410,410,434,872.95,1019.2,155
411,411,435,494.65,1023.1,215
412,412,436,542.1,1020.5,215
413,413,437,661.05,1019.2,205
414,414,438,391.95,1015.95,245
415,415,439,810.55,1015.95,150
416,416,440,377.65,1017.9,225
417,417,441,625.95,1015.95,200
418,418,443,715.65,1014.65,200
419,419,444,475.8,1015.3,205
420,420,445,701.35,1015.95,220
421,421,446,684.45,1017.9,205
422,422,447,531.7,1012.7,220
423,423,448,856.05,1006.2,210
424,424,449,832.0,1007.5,195
425,425,450,487.5,996.45,205
426,426,451,607.1,995.8,185
427,427,452,325.65,996.45,245
428,428,453,297.05,992.55,205
429,429,454,897.65,988.65,200
430,430,455,778.05,989.3,205
431,431,456,731.9,989.95,200
432,432,457,659.75,988.0,180
433,433,458,566.15,989.95,200
434,434,459,930.8,987.35,245
435,435,460,680.55,985.4,210
436,436,461,423.8,989.95,195
437,437,462,314.6,988.65,235
438,438,463,505.05,989.95,195
439,439,464,761.15,982.15,200
440,440,465,551.2,986.05,200
441,441,466,371.15,982.8,200
442,442,467,911.3,994.5,220
443,443,468,462.15,1000.35,215
444,444,469,823.55,998.4,205
445,445,471,440.7,999.7,240
446,446,472,745.55,995.8,205
447,447,473,403.0,1002.95,220
448,448,474,864.5,991.9,270
449,449,475,843.05,992.55,205
450,450,476,763.75,1020.5,215
451,451,477,792.35,995.8,195
452,452,478,718.9,998.4,195
453,453,479,383.5,997.1,210
454,454,480,347.75,999.05,180
455,455,482,625.95,995.15,185
456,456,483,692.9,993.2,210
457,457,484,640.25,1056.25,200
458,458,485,507.0,1058.85,200
459,459,487,477.75,1054.95,180
460,460,488,441.35,1054.3,210
461,461,489,713.7,1054.95,215
462,462,490,782.6,1053.0,200
463,463,491,546.65,1053.0,230
464,464,492,365.3,1043.25,200
465,465,493,537.55,1061.45,205
466,466,494,561.6,1050.4,210
467,467,495,844.35,1047.15,195
468,468,496,603.85,1051.05,205
469,469,497,458.9,1047.15,200
470,470,498,930.15,1034.8,220
471,471,499,520.65,1047.8,210
472,472,500,425.75,1047.15,210
473,473,501,801.45,1059.5,340
474,474,502,559.65,1065.35,220
475,475,503,462.15,1067.3,195
476,476,504,414.05,1064.05,235
477,477,505,910.0,1049.75,230
478,478,506,891.8,1054.95,225
479,479,507,667.55,1066.65,175
480,480,508,525.85,1066.65,210
481,481,509,386.75,1062.1,205
482,482,510,819.65,1042.6,200
483,483,511,618.15,1066.0,195
484,484,512,842.4,1060.8,200
485,485,513,398.45,1060.8,225
486,486,514,921.7,1041.95,230
487,487,515,590.85,1060.15,195
488,488,516,859.3,1052.35,240
489,489,517,828.75,1056.9,170
490,490,518,934.7,1021.8,185
491,491,519,596.7,1032.85,200
492,492,520,836.55,1028.95,205
493,493,521,819.65,1027.65,205
494,494,523,466.7,1028.3,235
495,495,524,795.6,1028.3,195
496,496,525,893.1,1023.75,190
497,497,526,411.45,1029.6,225
498,498,527,621.4,1032.2,215
499,499,528,640.25,1028.3,210
500,500,529,572.0,1027.0,205
501,501,530,516.75,1030.25,200
502,502,531,328.25,1020.5,235
503,503,532,942.5,1014.65,205
504,504,533,432.25,1019.2,225
505,505,534,356.85,1023.1,195
506,506,535,918.45,1027.65,260
507,507,536,876.2,1041.95,200
508,508,537,378.95,1043.25,250
509,509,538,396.5,1044.55,230
510,510,539,491.4,1041.95,190
511,511,540,806.0,1040.65,290
512,512,541,908.05,1036.1,225
513,513,542,656.5,1041.95,200
514,514,543,472.55,1041.3,210
515,515,544,683.15,465.4,205
516,516,545,752.7,1036.75,205
517,517,546,533.65,1036.75,195
518,518,547,673.4,1041.3,195
519,519,548,503.1,1037.4,225
520,520,549,726.05,1037.4,195
521,521,550,442.0,1037.4,220
522,522,551,557.05,1036.1,215
523,523,552,811.2,609.7,230
524,524,553,360.75,609.7,245
525,525,555,348.4,616.2,205
526,526,556,759.85,612.95,230
527,527,557,520.0,611.0,215
528,528,558,588.25,614.25,265
529,529,559,488.15,608.4,205
530,530,560,420.55,607.1,230
531,531,561,554.45,616.2,185
532,532,562,686.4,609.7,210
533,533,563,711.1,606.45,215
534,534,564,793.0,606.45,220
535,535,565,506.35,606.45,225
536,536,566,380.25,607.1,205
537,537,567,603.2,604.5,245
538,538,568,630.5,600.6,240
539,539,569,839.8,605.8,210
540,540,570,395.85,616.85,180
541,541,571,687.7,621.4,200
542,542,572,367.9,619.45,225
543,543,573,631.15,626.6,195
544,544,574,867.75,624.0,190
545,545,575,846.95,618.15,210
546,546,576,499.2,621.4,200
547,547,577,466.05,620.75,205
548,548,578,571.35,615.55,280
549,549,579,615.55,600.6,270
550,550,580,653.9,615.55,225
551,551,581,629.2,613.6,250
552,552,582,611.65,619.45,265
553,553,583,670.15,614.25,220
554,554,584,534.3,614.25,215
555,555,585,441.35,612.95,200
556,556,586,830.7,615.55,230
557,557,587,677.3,585.65,270
558,558,588,408.2,590.85,230
559,559,589,805.35,596.05,235
560,560,590,709.15,590.2,225
561,561,591,354.25,594.75,200
562,562,592,761.15,587.6,195
563,563,593,740.35,586.95,210
564,564,594,609.05,587.6,255
565,565,595,565.5,588.25,275
566,566,596,375.7,593.45,225
567,567,597,363.35,590.85,205
568,568,598,719.55,582.4,205
569,569,599,449.15,585.0,200
570,570,600,622.05,585.0,220
571,571,601,378.95,581.75,205
572,572,602,786.5,586.95,295
573,573,603,636.35,583.7,220
574,574,604,457.6,599.95,230
575,575,606,677.3,599.95,245
576,576,607,737.75,602.55,265
577,577,608,773.5,601.25,195
578,578,609,698.1,609.05,225
579,579,610,394.55,600.6,200
580,580,611,752.7,598.0,235
581,581,612,578.5,601.9,260
582,582,614,661.7,598.0,255
583,583,615,438.1,594.75,200
584,584,616,723.45,595.4,205
585,585,617,646.1,598.0,235
586,586,618,824.85,599.3,210
587,587,619,590.85,594.1,245
588,588,620,546.0,595.4,225
589,589,621,384.8,646.75,220
590,590,622,365.95,646.1,260
591,591,624,549.25,648.7,200
592,592,625,347.1,648.05,215
593,593,626,655.85,646.1,235
594,594,627,528.45,653.25,200
595,595,628,482.95,644.8,195
596,596,629,431.6,646.1,230
597,597,630,699.4,653.9,245
598,598,631,333.45,647.4,205
599,599,632,825.5,643.5,225
600,600,633,767.65,640.9,235
601,601,634,597.35,646.1,220
602,602,635,750.75,640.9,230
603,603,636,787.15,640.9,230
604,604,637,618.8,643.5,255
605,605,638,579.8,644.8,270
606,606,639,416.65,651.3,210
607,607,640,404.95,653.25,200
608,608,641,356.85,659.1,215
609,609,642,885.95,659.75,215
610,610,643,850.85,654.55,205
611,611,644,564.2,655.85,210
612,612,645,832.0,654.55,265
613,613,646,819.65,658.45,260
614,614,647,639.6,652.6,205
615,615,648,676.65,642.85,215
616,616,649,874.9,653.9,245
617,617,650,739.05,653.25,210
618,618,651,863.2,652.6,225
619,619,652,842.4,646.1,205
620,620,653,514.8,653.9,205
621,621,654,794.3,650.0,205
622,622,655,451.1,651.3,220
623,623,656,659.1,628.55,225
624,624,657,575.25,631.8,205
625,625,660,525.85,631.15,150
626,626,661,589.55,633.1,305
627,627,662,815.1,628.55,185
628,628,663,677.95,628.55,230
629,629,664,786.5,625.95,270
630,630,665,355.55,635.05,195
631,631,666,709.8,622.05,195
632,632,667,337.35,628.55,215
633,633,668,410.8,625.3,220
634,634,669,802.75,622.05,225
635,635,670,770.25,618.15,250
636,636,671,425.75,624.0,200
637,637,672,744.9,616.2,210
638,638,673,464.75,635.7,215
639,639,674,881.4,643.5,200
640,640,675,403.0,638.3,215
641,641,676,509.6,638.95,200
642,642,677,344.5,637.0,190
643,643,678,843.05,634.4,200
644,644,679,869.05,638.3,210
645,645,680,639.6,636.35,195
646,646,681,804.05,637.0,220
647,647,682,393.9,581.1,240
648,648,683,715.0,637.0,185
649,649,684,831.35,631.8,230
650,650,685,373.75,632.45,250
651,651,686,856.05,631.8,245
652,652,687,698.75,635.05,220
653,653,688,735.8,633.75,210
654,654,689,547.3,631.8,200
655,655,690,622.7,516.1,205
656,656,692,404.3,529.1,220
657,657,694,577.2,523.9,210
658,658,695,466.05,522.6,210
659,659,696,678.6,518.05,200
660,660,697,690.95,516.1,230
661,661,698,596.05,519.35,220
662,662,699,485.55,532.35,275
663,663,700,703.95,523.25,235
664,664,701,529.75,514.8,200
665,665,702,715.0,516.1,240
666,666,703,490.75,516.1,205
667,667,704,736.45,509.6,200
668,668,705,511.55,514.8,255
669,669,706,663.0,509.6,205
670,670,707,642.2,512.2,215
671,671,708,519.35,535.6,225
672,672,709,678.6,539.5,310
673,673,710,691.6,536.9,215
674,674,711,745.55,541.45,200
675,675,712,446.55,533.65,250
676,676,714,421.2,531.05,180
677,677,715,393.25,538.2,220
678,678,716,713.05,534.3,980
679,679,717,568.1,516.75,225
680,680,718,434.85,529.75,220
681,681,719,630.5,530.4,200
682,682,720,562.25,533.0,305
683,683,721,503.1,527.8,195
684,684,722,608.4,525.2,210
685,685,723,539.5,527.15,270
686,686,724,735.15,530.4,215
687,687,726,599.95,492.7,190
688,688,727,529.1,489.45,15
689,689,728,627.25,489.45,225
690,690,729,703.95,492.7,210
691,691,730,469.95,507.0,215
692,692,731,715.0,493.35,295
693,693,732,663.65,484.9,260
694,694,733,682.5,483.6,215
695,695,734,522.6,501.15,235
696,696,735,573.3,486.85,220
697,697,736,698.1,484.25,210
698,698,737,644.8,484.25,260
699,699,738,613.6,485.55,205
700,700,739,674.05,472.55,205
701,701,740,697.45,472.55,205
702,702,741,278.2,820.3,310
703,703,742,706.55,505.7,255
704,704,743,553.8,514.8,240
705,705,744,441.35,508.95,190
706,706,745,457.6,514.8,225
707,707,746,677.3,506.35,230
708,708,747,614.9,505.7,165
709,709,748,604.5,504.4,195
710,710,749,541.45,505.7,285
711,711,750,723.45,505.7,195
712,712,751,578.5,536.9,230
713,713,752,581.75,503.75,195
714,714,753,638.95,499.2,230
715,715,754,692.25,499.85,250
716,716,755,657.15,497.9,245
717,717,757,675.35,495.3,205
718,718,758,568.75,497.9,240
719,719,759,482.95,567.45,215
720,720,760,519.35,569.4,240
721,721,761,434.85,572.0,195
722,722,762,729.3,572.0,295
723,723,763,380.9,569.4,215
724,724,764,407.55,568.75,230
725,725,765,618.8,568.1,250
726,726,766,660.4,564.2,220
727,727,767,559.0,567.45,230
728,728,768,640.25,570.05,255
729,729,769,469.3,564.2,180
730,730,770,744.25,569.4,260
731,731,771,596.05,563.55,250
732,732,772,451.75,564.2,200
733,733,773,576.55,564.85,250
734,734,774,692.25,562.9,210
735,735,775,643.5,559.65,215
736,736,776,666.25,577.85,240
737,737,777,696.8,581.75,215
738,738,778,529.1,585.0,215
739,739,779,513.5,583.7,230
740,740,781,418.6,579.8,180
741,741,782,599.3,579.8,260
742,742,783,581.75,579.8,235
743,743,784,464.1,582.4,215
744,744,785,720.85,559.65,260
745,745,786,542.75,575.9,190
746,746,787,651.95,579.15,240
747,747,788,494.0,580.45,235
748,748,789,368.55,576.55,195
749,749,790,757.9,572.65,225
750,750,791,709.8,567.45,255
751,751,792,679.25,570.05,240
752,752,793,703.95,543.4,105
753,753,794,586.95,551.2,205
754,754,795,447.2,549.9,215
755,755,796,688.35,549.9,190
756,756,797,631.15,549.9,220
757,757,798,423.15,548.6,230
758,758,799,403.65,553.15,245
759,759,800,487.5,546.0,240
760,760,801,668.2,540.15,25
761,761,802,570.7,551.85,260
762,762,803,728.0,544.7,245
763,763,804,596.05,539.5,225
764,764,805,408.2,540.15,225
765,765,806,540.8,542.1,280
766,766,807,465.4,536.25,190
767,767,808,653.25,538.2,270
768,768,810,371.15,564.2,245
769,769,811,425.1,562.9,225
770,770,812,765.7,561.6,230
771,771,813,390.65,561.6,220
772,772,814,752.7,557.7,235
773,773,815,672.75,554.45,200
774,774,816,616.85,553.15,195
775,775,817,735.8,558.35,240
776,776,818,538.2,560.3,200
777,777,819,369.2,812.5,190
778,778,820,708.5,553.8,270
779,779,821,600.6,553.15,225
780,780,822,501.8,553.15,275
781,781,823,655.2,554.45,180
782,782,824,555.75,550.55,240
783,783,825,464.75,551.2,175
784,784,826,383.5,551.85,240
785,785,827,712.4,754.65,220
786,786,828,427.05,759.2,205
787,787,829,587.6,757.25,185
788,788,830,855.4,760.5,240
789,789,831,790.4,756.6,250
790,790,832,553.8,763.1,225
791,791,834,767.0,756.6,215
792,792,835,807.95,752.7,200
793,793,836,479.7,762.45,280
794,794,837,440.7,751.4,195
795,795,838,377.0,752.7,190
796,796,839,332.15,749.45,205
797,797,840,290.55,757.9,210
798,798,841,860.6,749.45,250
799,799,842,545.35,748.8,185
800,800,843,824.2,750.75,230
801,801,844,726.7,750.75,190
802,802,845,662.35,761.8,315
803,803,846,408.2,767.0,210
804,804,847,808.6,769.6,200
805,805,850,453.05,767.0,200
806,806,851,336.05,765.05,210
807,807,852,300.95,763.1,235
808,808,853,832.65,764.4,235
809,809,854,689.0,748.15,245
810,810,855,358.15,759.85,200
811,811,856,638.3,759.85,185
812,812,857,313.95,759.85,205
813,813,858,900.25,765.05,200
814,814,859,879.45,763.75,205
815,815,860,739.7,760.5,205
816,816,861,518.7,760.5,185
817,817,862,332.8,730.6,205
818,818,863,867.1,739.05,205
819,819,864,825.5,735.15,255
820,820,865,539.5,736.45,210
821,821,866,789.75,739.05,265
822,822,867,716.95,735.8,205
823,823,868,615.55,733.2,200
824,824,869,733.2,735.15,220
825,825,870,455.0,734.5,160
826,826,871,807.3,737.75,260
827,827,872,567.45,737.1,200
828,828,873,841.75,734.5,220
829,829,874,892.45,736.45,200
830,830,875,700.05,729.3,240
831,831,876,757.9,726.05,180
832,832,877,677.3,728.65,250
833,833,878,519.35,731.25,170
834,834,879,598.65,741.0,210
835,835,880,610.35,750.75,200
836,836,881,836.55,746.2,245
837,837,882,884.0,745.55,200
838,838,883,633.1,742.95,210
839,839,884,406.9,745.55,215
840,840,885,755.3,744.9,185
841,841,886,359.45,741.0,205
842,842,887,306.8,742.95,235
843,843,888,568.75,770.25,190
844,844,889,420.55,741.65,200
845,845,890,508.3,738.4,195
846,846,891,468.65,740.35,170
847,847,892,772.85,742.95,230
848,848,893,489.45,738.4,195
849,849,894,386.1,737.75,240
850,850,895,651.95,737.1,190
851,851,896,729.95,798.2,215
852,852,897,546.0,804.7,235
853,853,899,445.25,806.65,215
854,854,900,289.9,806.0,205
855,855,901,859.3,802.75,190
856,856,902,760.5,806.65,195
857,857,903,602.55,807.3,200
858,858,904,880.1,805.35,210
859,859,905,567.45,806.65,215
860,860,906,431.6,800.15,215
861,861,907,839.15,795.6,210
862,862,909,377.65,798.85,205
863,863,910,392.6,791.7,200
864,864,911,308.75,793.0,205
865,865,912,916.5,796.9,275
866,866,914,529.1,811.2,205
867,867,915,772.2,657.15,240
868,868,916,507.0,813.8,200
869,869,917,663.0,816.4,205
870,870,918,648.05,818.35,195
871,871,919,304.2,813.15,290
872,872,920,914.55,810.55,205
873,873,921,833.3,807.95,215
874,874,922,685.75,812.5,200
875,875,923,513.5,796.25,185
876,876,924,323.7,809.25,185
877,877,925,473.85,807.3,195
878,878,926,898.95,808.6,215
879,879,927,815.1,804.7,215
880,880,928,353.6,801.45,195
881,881,929,706.55,804.7,210
882,882,930,794.95,803.4,215
883,883,931,718.25,774.8,225
884,884,932,843.05,780.65,205
885,885,933,648.05,778.7,190
886,886,934,820.3,781.95,215
887,887,935,502.45,782.6,185
888,888,936,297.05,783.25,220
889,889,937,429.65,779.35,240
890,890,938,320.45,778.7,200
891,891,939,473.85,778.05,195
892,892,940,800.15,783.9,225
893,893,941,536.9,773.5,215
894,894,942,851.5,772.2,200
895,895,943,521.3,772.2,225
896,896,944,789.1,774.8,230
897,897,945,374.4,772.2,200
898,898,946,690.95,767.0,230
899,899,947,611.65,767.65,195
900,900,948,549.25,784.55,220
901,901,949,282.1,796.25,205
902,902,950,627.9,793.0,190
903,903,951,476.45,791.7,190
904,904,952,358.15,788.45,225
905,905,953,705.25,787.15,225
906,906,954,601.25,787.8,190
907,907,955,449.15,789.1,240
908,908,956,336.05,788.45,200
909,909,957,806.65,655.85,305
910,910,958,536.25,789.1,205
911,911,959,871.65,785.85,250
912,912,960,763.1,784.55,205
913,913,961,889.85,789.1,260
914,914,962,741.65,784.55,225
915,915,963,577.85,787.8,180
916,916,964,681.2,783.25,210
917,917,965,393.25,679.9,210
918,918,966,334.75,684.45,220
919,919,967,758.55,683.15,240
920,920,968,746.2,679.9,195
921,921,969,431.6,682.5,195
922,922,970,824.85,685.75,230
923,923,971,810.55,678.6,245
924,924,972,715.0,679.9,270
925,925,973,857.35,681.2,190
926,926,974,373.1,681.85,205
927,927,975,839.8,684.45,200
928,928,976,623.35,679.25,240
929,929,977,509.6,678.6,200
930,930,978,472.55,683.15,200
931,931,979,601.9,676.0,235
932,932,980,641.55,677.3,205
933,933,981,413.4,673.4,205
934,934,982,525.85,676.65,210
935,935,983,869.7,686.4,205
936,936,984,362.05,690.95,205
937,937,985,566.15,690.3,190
938,938,986,547.3,694.2,250
939,939,987,580.45,686.4,200
940,940,988,407.55,685.1,205
941,941,989,608.4,689.0,230
942,942,990,702.0,686.4,290
943,943,991,682.5,689.0,280
944,944,992,825.5,671.45,245
945,945,993,790.4,687.7,280
946,946,994,774.8,683.8,250
947,947,995,728.65,685.75,240
948,948,996,887.25,683.8,225
949,949,997,321.75,686.4,260
950,950,998,349.7,683.15,205
951,951,999,661.05,687.7,215
952,952,1000,658.45,665.6,230
953,953,1001,843.7,667.55,205
954,954,1002,459.55,667.55,215
955,955,1003,370.5,661.05,240
956,956,1004,331.5,668.2,225
957,957,1005,610.35,665.6,255
958,958,1006,711.1,665.6,190
959,959,1007,343.2,663.65,210
960,960,1008,727.35,664.3,210
961,961,1009,398.45,663.65,230
962,962,1010,380.9,668.2,205
963,963,1011,759.85,662.35,255
964,964,1012,788.45,662.35,235
965,965,1013,625.95,660.4,275
966,966,1014,677.3,659.1,245
967,967,1015,592.15,658.45,225
968,968,1016,397.8,727.35,200
969,969,1017,692.25,671.45,280
970,970,1018,778.05,672.75,230
971,971,1019,674.7,673.4,260
972,972,1020,360.75,673.4,210
973,973,1022,587.6,670.15,225
974,974,1023,801.45,669.5,195
975,975,1024,872.95,671.45,215
976,976,1025,860.6,667.55,200
977,977,1026,441.35,729.3,190
978,978,1027,573.95,668.2,220
979,979,1028,497.9,664.3,190
980,980,1029,482.95,666.9,190
981,981,1030,557.05,673.4,210
982,982,1031,887.9,672.1,235
983,983,1032,744.25,666.9,180
984,984,1033,434.85,664.3,205
985,985,1034,531.7,715.65,200
986,986,1035,880.75,723.45,200
987,987,1036,507.65,722.15,100
988,988,1037,347.1,716.95,205
989,989,1038,745.55,714.35,175
990,990,1039,630.5,716.3,255
991,991,1040,667.55,712.4,245
992,992,1041,550.55,715.65,225
993,993,1043,334.75,716.3,215
994,994,1044,833.95,715.65,200
995,995,1045,407.55,711.75,215
996,996,1046,889.2,709.15,215
997,997,1047,685.1,713.7,250
998,998,1048,729.3,707.85,245
999,999,1049,455.0,712.4,220
1000,1000,1050,379.6,710.45,220
1001,1001,1051,315.9,724.1,225
1002,1002,1052,380.9,694.2,205
1003,1003,1053,416.65,725.4,190
1004,1004,1054,371.15,728.65,215
1005,1005,1055,466.7,724.75,215
1006,1006,1056,358.8,724.1,195
1007,1007,1057,868.4,722.15,200
1008,1008,1058,601.9,724.75,215
1009,1009,1059,813.8,722.8,235
1010,1010,1060,595.4,694.2,210
1011,1011,1061,299.65,730.6,200
1012,1012,1062,581.1,720.85,210
1013,1013,1063,721.5,720.85,210
1014,1014,1064,644.8,722.15,205
1015,1015,1065,784.55,722.8,205
1016,1016,1067,797.55,722.8,215
1017,1017,1068,883.35,694.85,210
1018,1018,1069,822.25,700.7,215
1019,1019,1070,697.45,700.7,255
1020,1020,1071,640.25,700.05,215
1021,1021,1072,768.3,696.15,240
1022,1022,1073,715.0,699.4,275
1023,1023,1074,343.85,694.2,220
1024,1024,1075,806.65,696.8,245
1025,1025,1076,419.9,698.75,190
1026,1026,1077,811.85,709.15,235
1027,1027,1078,856.05,697.45,195
1028,1028,1079,836.55,696.8,235
1029,1029,1080,311.35,700.05,205
1030,1030,1081,529.1,698.75,145
1031,1031,1082,492.05,692.25,195
1032,1032,1083,448.5,694.85,200
1033,1033,1084,857.35,709.15,205
1034,1034,1085,394.55,701.35,200
1035,1035,1086,326.95,698.75,225
1036,1036,1087,759.85,709.8,200
1037,1037,1088,305.5,712.4,200
1038,1038,1089,794.3,706.55,235
1039,1039,1090,478.4,707.2,225
1040,1040,1091,845.0,710.45,215
1041,1041,1092,605.8,704.6,205
1042,1042,1093,579.8,704.6,210
1043,1043,1094,559.65,705.25,200
1044,1044,1095,436.8,707.2,175
1045,1045,1096,779.35,707.85,220
1046,1046,1097,358.15,704.6,225
1047,1047,1098,872.95,702.65,210
1048,1048,1099,745.55,699.4,205
1049,1049,1100,620.75,701.35,245
1050,1050,1101,832.0,972.4,90
1051,1051,1106,417.95,517.4,205
1052,1052,1107,414.05,790.4,200
1053,1053,1123,370.5,825.5,175
1054,1054,1132,601.25,1186.9,220
1055,1055,1134,464.1,751.4,150
1056,1056,1137,548.6,492.05,430
1057,1057,1142,492.7,802.75,195
1058,1058,1150,449.8,1155.7,245
1059,1059,1152,498.55,793.0,190
1060,1060,1172,529.75,998.4,290
1061,1061,1174,739.05,1063.4,285
1062,1062,1178,951.6,989.95,320
1063,1063,1179,701.35,1030.9,285
1064,1064,1181,355.55,832.0,195
1065,1065,1189,705.9,714.35,300
1066,1066,1193,859.3,1033.5,205
1067,1067,1194,481.0,629.85,210
1068,1068,1195,393.25,768.3,175
1069,1069,1196,613.6,718.25,280
1070,1070,1199,438.75,518.7,310
1071,1071,1207,587.6,1166.75,215
1072,1072,1208,668.2,1153.75,355
1073,1073,1210,752.05,1050.4,180
1074,1074,1215,765.05,1048.45,180
1075,1075,1226,335.4,929.5,355
1076,1076,1231,526.5,1196.65,345
1077,1077,1235,575.9,1004.25,220
1078,1078,1238,536.25,1193.4,355
1079,1079,1244,618.8,1183.0,225
