Experiment_name,SPI,NI,Treatment,Cell Line + Treatment,Cell Line,Origin,Mode,Density,pvalue,sliding_time_window_size,neighbors_dist_threshold
field13_crop-001_ROI#1_annotation_apop.csv,0.0976555614313414,0.25738396624472576,ApoptosisInColonies,MCF10A+field13_crop-001_roi#1_annotation_apop.csv,MCF10A,field13_colony,Apoptosis,237,0.0,5,33
field13_crop-001_ROI#1_annotation_nec.csv,0.372495123248803,0.1423948220064725,NecrosisInColonies,MCF10A+field13_crop-001_roi#1_annotation_nec.csv,MCF10A,field13_colony,Necrosis,309,0.0,5,33
Field14-002_ROI#1_annotation_apop.csv,0.20502092050209206,0.23969072164948454,ApoptosisInColonies,MCF10A+field14-002_roi#1_annotation_apop.csv,MCF10A,field14_colony,Apoptosis,387,0.0,5,33
Field14-002_ROI#1_annotation_nec.csv,0.424412915851272,0.21285140562248997,NecrosisInColonies,MCF10A+field14-002_roi#1_annotation_nec.csv,MCF10A,field14_colony,Necrosis,249,0.0,5,33
7-20-23_10arednuclei_ROI#10_annotation_apop.csv,-1.2754182754182755,0.5531914893617021,ApoptosisInColonies,MCF10A+7-20-23_10arednuclei_roi#10_annotation_apop.csv,MCF10A,field11_colony,Apoptosis,47,0.768,5,33
7-20-23_10arednuclei_ROI#10_annotation_nec.csv,0.41674221819280755,0.2605633802816901,NecrosisInColonies,MCF10A+7-20-23_10arednuclei_roi#10_annotation_nec.csv,MCF10A,field11_colony,Necrosis,142,0.0,5,33
7-20-23_10arednuclei_ROI#13_or14_both_colonies_annotation_apop.csv,0.25126933994322953,0.15725806451612903,ApoptosisInColonies,MCF10A+7-20-23_10arednuclei_roi#13_or14_both_colonies_annotation_apop.csv,MCF10A,field14_two_colony,Apoptosis,248,0.0,5,33
7-20-23_10arednuclei_ROI#13_or14_both_colonies_annotation_nec.csv,0.5967387533248526,0.10086455331412104,NecrosisInColonies,MCF10A+7-20-23_10arednuclei_roi#13_or14_both_colonies_annotation_nec.csv,MCF10A,field14_two_colony,Necrosis,348,0.0,5,33
field13_crop-001_ROI#1_annotation_apop.csv,0.10300479363965856,0.2616033755274262,ApoptosisInColonies,MCF10A+field13_crop-001_roi#1_annotation_apop.csv,MCF10A,field13_colony,Apoptosis,237,0.0,10,33
field13_crop-001_ROI#1_annotation_nec.csv,0.36746666666666666,0.1553398058252427,NecrosisInColonies,MCF10A+field13_crop-001_roi#1_annotation_nec.csv,MCF10A,field13_colony,Necrosis,309,0.0,10,33
Field14-002_ROI#1_annotation_apop.csv,0.2033395654696667,0.24484536082474226,ApoptosisInColonies,MCF10A+field14-002_roi#1_annotation_apop.csv,MCF10A,field14_colony,Apoptosis,387,0.0,10,33
Field14-002_ROI#1_annotation_nec.csv,0.42337725719863345,0.2289156626506024,NecrosisInColonies,MCF10A+field14-002_roi#1_annotation_nec.csv,MCF10A,field14_colony,Necrosis,249,0.0,10,33
7-20-23_10arednuclei_ROI#10_annotation_apop.csv,-1.221105527638191,0.5531914893617021,ApoptosisInColonies,MCF10A+7-20-23_10arednuclei_roi#10_annotation_apop.csv,MCF10A,field11_colony,Apoptosis,47,0.757,10,33
7-20-23_10arednuclei_ROI#10_annotation_nec.csv,0.41762220881110446,0.2605633802816901,NecrosisInColonies,MCF10A+7-20-23_10arednuclei_roi#10_annotation_nec.csv,MCF10A,field11_colony,Necrosis,142,0.0,10,33
7-20-23_10arednuclei_ROI#13_or14_both_colonies_annotation_apop.csv,0.25365639819870084,0.15725806451612903,ApoptosisInColonies,MCF10A+7-20-23_10arednuclei_roi#13_or14_both_colonies_annotation_apop.csv,MCF10A,field14_two_colony,Apoptosis,248,0.0,10,33
7-20-23_10arednuclei_ROI#13_or14_both_colonies_annotation_nec.csv,0.5949587640840981,0.10086455331412104,NecrosisInColonies,MCF10A+7-20-23_10arednuclei_roi#13_or14_both_colonies_annotation_nec.csv,MCF10A,field14_two_colony,Necrosis,348,0.0,10,33
field13_crop-001_ROI#1_annotation_apop.csv,0.10290514525726287,0.2742616033755274,ApoptosisInColonies,MCF10A+field13_crop-001_roi#1_annotation_apop.csv,MCF10A,field13_colony,Apoptosis,237,0.0,30,33
field13_crop-001_ROI#1_annotation_nec.csv,0.3659439450026441,0.20388349514563106,NecrosisInColonies,MCF10A+field13_crop-001_roi#1_annotation_nec.csv,MCF10A,field13_colony,Necrosis,309,0.0,30,33
Field14-002_ROI#1_annotation_apop.csv,0.20143188854489166,0.25773195876288657,ApoptosisInColonies,MCF10A+field14-002_roi#1_annotation_apop.csv,MCF10A,field14_colony,Apoptosis,387,0.0,30,33
Field14-002_ROI#1_annotation_nec.csv,0.4233308877476155,0.26506024096385544,NecrosisInColonies,MCF10A+field14-002_roi#1_annotation_nec.csv,MCF10A,field14_colony,Necrosis,249,0.0,30,33
7-20-23_10arednuclei_ROI#10_annotation_apop.csv,-1.2142857142857142,0.5531914893617021,ApoptosisInColonies,MCF10A+7-20-23_10arednuclei_roi#10_annotation_apop.csv,MCF10A,field11_colony,Apoptosis,47,0.766,30,33
7-20-23_10arednuclei_ROI#10_annotation_nec.csv,0.42196007259528134,0.29577464788732394,NecrosisInColonies,MCF10A+7-20-23_10arednuclei_roi#10_annotation_nec.csv,MCF10A,field11_colony,Necrosis,142,0.0,30,33
7-20-23_10arednuclei_ROI#13_or14_both_colonies_annotation_apop.csv,0.25123807223094574,0.16129032258064516,ApoptosisInColonies,MCF10A+7-20-23_10arednuclei_roi#13_or14_both_colonies_annotation_apop.csv,MCF10A,field14_two_colony,Apoptosis,248,0.0,30,33
7-20-23_10arednuclei_ROI#13_or14_both_colonies_annotation_nec.csv,0.5995836224843859,0.15273775216138327,NecrosisInColonies,MCF10A+7-20-23_10arednuclei_roi#13_or14_both_colonies_annotation_nec.csv,MCF10A,field14_two_colony,Necrosis,348,0.0,30,33
field13_crop-001_ROI#1_annotation_apop.csv,0.09894736842105263,0.2742616033755274,ApoptosisInColonies,MCF10A+field13_crop-001_roi#1_annotation_apop.csv,MCF10A,field13_colony,Apoptosis,237,0.0,60,33
field13_crop-001_ROI#1_annotation_nec.csv,0.34445640473627553,0.2297734627831715,NecrosisInColonies,MCF10A+field13_crop-001_roi#1_annotation_nec.csv,MCF10A,field13_colony,Necrosis,309,0.0,60,33
Field14-002_ROI#1_annotation_apop.csv,0.20046349942062577,0.26804123711340205,ApoptosisInColonies,MCF10A+field14-002_roi#1_annotation_apop.csv,MCF10A,field14_colony,Apoptosis,387,0.0,60,33
Field14-002_ROI#1_annotation_nec.csv,0.42467718794835,0.285140562248996,NecrosisInColonies,MCF10A+field14-002_roi#1_annotation_nec.csv,MCF10A,field14_colony,Necrosis,249,0.0,60,33
7-20-23_10arednuclei_ROI#10_annotation_apop.csv,-1.1386861313868613,0.574468085106383,ApoptosisInColonies,MCF10A+7-20-23_10arednuclei_roi#10_annotation_apop.csv,MCF10A,field11_colony,Apoptosis,47,0.723,60,33
7-20-23_10arednuclei_ROI#10_annotation_nec.csv,0.4036697247706422,0.30985915492957744,NecrosisInColonies,MCF10A+7-20-23_10arednuclei_roi#10_annotation_nec.csv,MCF10A,field11_colony,Necrosis,142,0.0,60,33
7-20-23_10arednuclei_ROI#13_or14_both_colonies_annotation_apop.csv,0.24832855778414517,0.1814516129032258,ApoptosisInColonies,MCF10A+7-20-23_10arednuclei_roi#13_or14_both_colonies_annotation_apop.csv,MCF10A,field14_two_colony,Apoptosis,248,0.0,60,33
7-20-23_10arednuclei_ROI#13_or14_both_colonies_annotation_nec.csv,0.6004273504273504,0.2132564841498559,NecrosisInColonies,MCF10A+7-20-23_10arednuclei_roi#13_or14_both_colonies_annotation_nec.csv,MCF10A,field14_two_colony,Necrosis,348,0.0,60,33
field13_crop-001_ROI#1_annotation_apop.csv,0.09042553191489364,0.29957805907172996,ApoptosisInColonies,MCF10A+field13_crop-001_roi#1_annotation_apop.csv,MCF10A,field13_colony,Apoptosis,237,0.0,90,33
field13_crop-001_ROI#1_annotation_nec.csv,0.33977455716586147,0.26537216828478966,NecrosisInColonies,MCF10A+field13_crop-001_roi#1_annotation_nec.csv,MCF10A,field13_colony,Necrosis,309,0.0,90,33
Field14-002_ROI#1_annotation_apop.csv,0.19640787949015057,0.2860824742268041,ApoptosisInColonies,MCF10A+field14-002_roi#1_annotation_apop.csv,MCF10A,field14_colony,Apoptosis,387,0.0,90,33
Field14-002_ROI#1_annotation_nec.csv,0.4017094017094017,0.321285140562249,NecrosisInColonies,MCF10A+field14-002_roi#1_annotation_nec.csv,MCF10A,field14_colony,Necrosis,249,0.0,90,33
7-20-23_10arednuclei_ROI#10_annotation_apop.csv,-1.2134831460674158,0.5531914893617021,ApoptosisInColonies,MCF10A+7-20-23_10arednuclei_roi#10_annotation_apop.csv,MCF10A,field11_colony,Apoptosis,47,0.771,90,33
7-20-23_10arednuclei_ROI#10_annotation_nec.csv,0.39775910364145656,0.33098591549295775,NecrosisInColonies,MCF10A+7-20-23_10arednuclei_roi#10_annotation_nec.csv,MCF10A,field11_colony,Necrosis,142,0.0,90,33
7-20-23_10arednuclei_ROI#13_or14_both_colonies_annotation_apop.csv,0.25054229934924077,0.1814516129032258,ApoptosisInColonies,MCF10A+7-20-23_10arednuclei_roi#13_or14_both_colonies_annotation_apop.csv,MCF10A,field14_two_colony,Apoptosis,248,0.0,90,33
7-20-23_10arednuclei_ROI#13_or14_both_colonies_annotation_nec.csv,0.5987328405491025,0.23054755043227665,NecrosisInColonies,MCF10A+7-20-23_10arednuclei_roi#13_or14_both_colonies_annotation_nec.csv,MCF10A,field14_two_colony,Necrosis,348,0.0,90,33
field13_crop-001_ROI#1_annotation_apop.csv,0.0966810966810968,0.3037974683544304,ApoptosisInColonies,MCF10A+field13_crop-001_roi#1_annotation_apop.csv,MCF10A,field13_colony,Apoptosis,237,0.0,120,33
field13_crop-001_ROI#1_annotation_nec.csv,0.39034205231388336,0.28802588996763756,NecrosisInColonies,MCF10A+field13_crop-001_roi#1_annotation_nec.csv,MCF10A,field13_colony,Necrosis,309,0.0,120,33
Field14-002_ROI#1_annotation_apop.csv,0.2084291187739463,0.2912371134020619,ApoptosisInColonies,MCF10A+field14-002_roi#1_annotation_apop.csv,MCF10A,field14_colony,Apoptosis,387,0.0,120,33
Field14-002_ROI#1_annotation_nec.csv,0.45628415300546443,0.3253012048192771,NecrosisInColonies,MCF10A+field14-002_roi#1_annotation_nec.csv,MCF10A,field14_colony,Necrosis,249,0.0,120,33
7-20-23_10arednuclei_ROI#10_annotation_apop.csv,-1.1470588235294117,0.5957446808510638,ApoptosisInColonies,MCF10A+7-20-23_10arednuclei_roi#10_annotation_apop.csv,MCF10A,field11_colony,Apoptosis,47,0.765,120,33
7-20-23_10arednuclei_ROI#10_annotation_nec.csv,0.3978102189781022,0.352112676056338,NecrosisInColonies,MCF10A+7-20-23_10arednuclei_roi#10_annotation_nec.csv,MCF10A,field11_colony,Necrosis,142,0.0,120,33
7-20-23_10arednuclei_ROI#13_or14_both_colonies_annotation_apop.csv,0.25024437927663734,0.18548387096774194,ApoptosisInColonies,MCF10A+7-20-23_10arednuclei_roi#13_or14_both_colonies_annotation_apop.csv,MCF10A,field14_two_colony,Apoptosis,248,0.0,120,33
7-20-23_10arednuclei_ROI#13_or14_both_colonies_annotation_nec.csv,0.5674931129476584,0.23919308357348704,NecrosisInColonies,MCF10A+7-20-23_10arednuclei_roi#13_or14_both_colonies_annotation_nec.csv,MCF10A,field14_two_colony,Necrosis,348,0.0,120,33
field13_crop-001_ROI#1_annotation_apop.csv,0.09654471544715447,0.19831223628691982,ApoptosisInColonies,MCF10A+field13_crop-001_roi#1_annotation_apop.csv,MCF10A,field13_colony,Apoptosis,237,0.0,5,50
field13_crop-001_ROI#1_annotation_nec.csv,0.31383508154046397,0.11650485436893204,NecrosisInColonies,MCF10A+field13_crop-001_roi#1_annotation_nec.csv,MCF10A,field13_colony,Necrosis,309,0.0,5,50
Field14-002_ROI#1_annotation_apop.csv,0.16801272933291553,0.18041237113402062,ApoptosisInColonies,MCF10A+field14-002_roi#1_annotation_apop.csv,MCF10A,field14_colony,Apoptosis,387,0.0,5,50
Field14-002_ROI#1_annotation_nec.csv,0.31176306749605426,0.14859437751004015,NecrosisInColonies,MCF10A+field14-002_roi#1_annotation_nec.csv,MCF10A,field14_colony,Necrosis,249,0.0,5,50
7-20-23_10arednuclei_ROI#10_annotation_apop.csv,-0.4754617414248022,0.2978723404255319,ApoptosisInColonies,MCF10A+7-20-23_10arednuclei_roi#10_annotation_apop.csv,MCF10A,field11_colony,Apoptosis,47,0.553,5,50
7-20-23_10arednuclei_ROI#10_annotation_nec.csv,0.3673205033308661,0.176056338028169,NecrosisInColonies,MCF10A+7-20-23_10arednuclei_roi#10_annotation_nec.csv,MCF10A,field11_colony,Necrosis,142,0.0,5,50
7-20-23_10arednuclei_ROI#13_or14_both_colonies_annotation_apop.csv,0.24824695121951226,0.14516129032258066,ApoptosisInColonies,MCF10A+7-20-23_10arednuclei_roi#13_or14_both_colonies_annotation_apop.csv,MCF10A,field14_two_colony,Apoptosis,248,0.0,5,50
7-20-23_10arednuclei_ROI#13_or14_both_colonies_annotation_nec.csv,0.577400245892478,0.10086455331412104,NecrosisInColonies,MCF10A+7-20-23_10arednuclei_roi#13_or14_both_colonies_annotation_nec.csv,MCF10A,field14_two_colony,Necrosis,348,0.0,5,50
field13_crop-001_ROI#1_annotation_apop.csv,0.09538347673235276,0.20253164556962025,ApoptosisInColonies,MCF10A+field13_crop-001_roi#1_annotation_apop.csv,MCF10A,field13_colony,Apoptosis,237,0.0,10,50
field13_crop-001_ROI#1_annotation_nec.csv,0.3122324159021407,0.1262135922330097,NecrosisInColonies,MCF10A+field13_crop-001_roi#1_annotation_nec.csv,MCF10A,field13_colony,Necrosis,309,0.0,10,50
Field14-002_ROI#1_annotation_apop.csv,0.1690425736852244,0.18556701030927836,ApoptosisInColonies,MCF10A+field14-002_roi#1_annotation_apop.csv,MCF10A,field14_colony,Apoptosis,387,0.0,10,50
Field14-002_ROI#1_annotation_nec.csv,0.30893553780419836,0.1606425702811245,NecrosisInColonies,MCF10A+field14-002_roi#1_annotation_nec.csv,MCF10A,field14_colony,Necrosis,249,0.0,10,50
7-20-23_10arednuclei_ROI#10_annotation_apop.csv,-0.5040344271113502,0.2978723404255319,ApoptosisInColonies,MCF10A+7-20-23_10arednuclei_roi#10_annotation_apop.csv,MCF10A,field11_colony,Apoptosis,47,0.561,10,50
7-20-23_10arednuclei_ROI#10_annotation_nec.csv,0.3673205033308661,0.176056338028169,NecrosisInColonies,MCF10A+7-20-23_10arednuclei_roi#10_annotation_nec.csv,MCF10A,field11_colony,Necrosis,142,0.0,10,50
7-20-23_10arednuclei_ROI#13_or14_both_colonies_annotation_apop.csv,0.25019005625665197,0.14516129032258066,ApoptosisInColonies,MCF10A+7-20-23_10arednuclei_roi#13_or14_both_colonies_annotation_apop.csv,MCF10A,field14_two_colony,Apoptosis,248,0.0,10,50
7-20-23_10arednuclei_ROI#13_or14_both_colonies_annotation_nec.csv,0.5765957446808511,0.10086455331412104,NecrosisInColonies,MCF10A+7-20-23_10arednuclei_roi#13_or14_both_colonies_annotation_nec.csv,MCF10A,field14_two_colony,Necrosis,348,0.0,10,50
field13_crop-001_ROI#1_annotation_apop.csv,0.09792531120331954,0.2109704641350211,ApoptosisInColonies,MCF10A+field13_crop-001_roi#1_annotation_apop.csv,MCF10A,field13_colony,Apoptosis,237,0.0,30,50
field13_crop-001_ROI#1_annotation_nec.csv,0.30832570905763956,0.1715210355987055,NecrosisInColonies,MCF10A+field13_crop-001_roi#1_annotation_nec.csv,MCF10A,field13_colony,Necrosis,309,0.0,30,50
Field14-002_ROI#1_annotation_apop.csv,0.1701943844492441,0.19072164948453607,ApoptosisInColonies,MCF10A+field14-002_roi#1_annotation_apop.csv,MCF10A,field14_colony,Apoptosis,387,0.0,30,50
Field14-002_ROI#1_annotation_nec.csv,0.3099059214167128,0.19678714859437751,NecrosisInColonies,MCF10A+field14-002_roi#1_annotation_nec.csv,MCF10A,field14_colony,Necrosis,249,0.0,30,50
7-20-23_10arednuclei_ROI#10_annotation_apop.csv,-0.5212418300653594,0.3191489361702128,ApoptosisInColonies,MCF10A+7-20-23_10arednuclei_roi#10_annotation_apop.csv,MCF10A,field11_colony,Apoptosis,47,0.558,30,50
7-20-23_10arednuclei_ROI#10_annotation_nec.csv,0.36894824707846413,0.19718309859154928,NecrosisInColonies,MCF10A+7-20-23_10arednuclei_roi#10_annotation_nec.csv,MCF10A,field11_colony,Necrosis,142,0.0,30,50
7-20-23_10arednuclei_ROI#13_or14_both_colonies_annotation_apop.csv,0.24783961285862424,0.14919354838709678,ApoptosisInColonies,MCF10A+7-20-23_10arednuclei_roi#13_or14_both_colonies_annotation_apop.csv,MCF10A,field14_two_colony,Apoptosis,248,0.0,30,50
7-20-23_10arednuclei_ROI#13_or14_both_colonies_annotation_nec.csv,0.57981220657277,0.15273775216138327,NecrosisInColonies,MCF10A+7-20-23_10arednuclei_roi#13_or14_both_colonies_annotation_nec.csv,MCF10A,field14_two_colony,Necrosis,348,0.0,30,50
field13_crop-001_ROI#1_annotation_apop.csv,0.09468438538205985,0.2109704641350211,ApoptosisInColonies,MCF10A+field13_crop-001_roi#1_annotation_apop.csv,MCF10A,field13_colony,Apoptosis,237,0.0,60,50
field13_crop-001_ROI#1_annotation_nec.csv,0.29170549860205036,0.20388349514563106,NecrosisInColonies,MCF10A+field13_crop-001_roi#1_annotation_nec.csv,MCF10A,field13_colony,Necrosis,309,0.0,60,50
Field14-002_ROI#1_annotation_apop.csv,0.16661853883915684,0.20103092783505155,ApoptosisInColonies,MCF10A+field14-002_roi#1_annotation_apop.csv,MCF10A,field14_colony,Apoptosis,387,0.0,60,50
Field14-002_ROI#1_annotation_nec.csv,0.2996706915477497,0.22088353413654618,NecrosisInColonies,MCF10A+field14-002_roi#1_annotation_nec.csv,MCF10A,field14_colony,Necrosis,249,0.0,60,50
7-20-23_10arednuclei_ROI#10_annotation_apop.csv,-0.5097402597402596,0.3404255319148936,ApoptosisInColonies,MCF10A+7-20-23_10arednuclei_roi#10_annotation_apop.csv,MCF10A,field11_colony,Apoptosis,47,0.533,60,50
7-20-23_10arednuclei_ROI#10_annotation_nec.csv,0.3571428571428572,0.22535211267605634,NecrosisInColonies,MCF10A+7-20-23_10arednuclei_roi#10_annotation_nec.csv,MCF10A,field11_colony,Necrosis,142,0.0,60,50
7-20-23_10arednuclei_ROI#13_or14_both_colonies_annotation_apop.csv,0.24704545454545454,0.1693548387096774,ApoptosisInColonies,MCF10A+7-20-23_10arednuclei_roi#13_or14_both_colonies_annotation_apop.csv,MCF10A,field14_two_colony,Apoptosis,248,0.0,60,50
7-20-23_10arednuclei_ROI#13_or14_both_colonies_annotation_nec.csv,0.5793103448275863,0.2017291066282421,NecrosisInColonies,MCF10A+7-20-23_10arednuclei_roi#13_or14_both_colonies_annotation_nec.csv,MCF10A,field14_two_colony,Necrosis,348,0.0,60,50
field13_crop-001_ROI#1_annotation_apop.csv,0.08764607679465779,0.22784810126582278,ApoptosisInColonies,MCF10A+field13_crop-001_roi#1_annotation_apop.csv,MCF10A,field13_colony,Apoptosis,237,0.0,90,50
field13_crop-001_ROI#1_annotation_nec.csv,0.273492286115007,0.23624595469255663,NecrosisInColonies,MCF10A+field13_crop-001_roi#1_annotation_nec.csv,MCF10A,field13_colony,Necrosis,309,0.0,90,50
Field14-002_ROI#1_annotation_apop.csv,0.1574154379878578,0.21649484536082475,ApoptosisInColonies,MCF10A+field14-002_roi#1_annotation_apop.csv,MCF10A,field14_colony,Apoptosis,387,0.0,90,50
Field14-002_ROI#1_annotation_nec.csv,0.2861788617886179,0.24899598393574296,NecrosisInColonies,MCF10A+field14-002_roi#1_annotation_nec.csv,MCF10A,field14_colony,Necrosis,249,0.0,90,50
7-20-23_10arednuclei_ROI#10_annotation_apop.csv,-0.5317073170731709,0.3191489361702128,ApoptosisInColonies,MCF10A+7-20-23_10arednuclei_roi#10_annotation_apop.csv,MCF10A,field11_colony,Apoptosis,47,0.589,90,50
7-20-23_10arednuclei_ROI#10_annotation_nec.csv,0.35483870967741943,0.23943661971830985,NecrosisInColonies,MCF10A+7-20-23_10arednuclei_roi#10_annotation_nec.csv,MCF10A,field11_colony,Necrosis,142,0.0,90,50
7-20-23_10arednuclei_ROI#13_or14_both_colonies_annotation_apop.csv,0.24948382656572607,0.1693548387096774,ApoptosisInColonies,MCF10A+7-20-23_10arednuclei_roi#13_or14_both_colonies_annotation_apop.csv,MCF10A,field14_two_colony,Apoptosis,248,0.0,90,50
7-20-23_10arednuclei_ROI#13_or14_both_colonies_annotation_nec.csv,0.5806122448979592,0.21613832853025935,NecrosisInColonies,MCF10A+7-20-23_10arednuclei_roi#13_or14_both_colonies_annotation_nec.csv,MCF10A,field14_two_colony,Necrosis,348,0.0,90,50
field13_crop-001_ROI#1_annotation_apop.csv,0.08542141230068338,0.23628691983122363,ApoptosisInColonies,MCF10A+field13_crop-001_roi#1_annotation_apop.csv,MCF10A,field13_colony,Apoptosis,237,0.0,120,50
field13_crop-001_ROI#1_annotation_nec.csv,0.34086956521739126,0.255663430420712,NecrosisInColonies,MCF10A+field13_crop-001_roi#1_annotation_nec.csv,MCF10A,field13_colony,Necrosis,309,0.0,120,50
Field14-002_ROI#1_annotation_apop.csv,0.17126436781609192,0.22422680412371135,ApoptosisInColonies,MCF10A+field14-002_roi#1_annotation_apop.csv,MCF10A,field14_colony,Apoptosis,387,0.0,120,50
Field14-002_ROI#1_annotation_nec.csv,0.3213530655391121,0.26506024096385544,NecrosisInColonies,MCF10A+field14-002_roi#1_annotation_nec.csv,MCF10A,field14_colony,Necrosis,249,0.0,120,50
7-20-23_10arednuclei_ROI#10_annotation_apop.csv,-0.4935897435897436,0.3404255319148936,ApoptosisInColonies,MCF10A+7-20-23_10arednuclei_roi#10_annotation_apop.csv,MCF10A,field11_colony,Apoptosis,47,0.518,120,50
7-20-23_10arednuclei_ROI#10_annotation_nec.csv,0.3385300668151447,0.2535211267605634,NecrosisInColonies,MCF10A+7-20-23_10arednuclei_roi#10_annotation_nec.csv,MCF10A,field11_colony,Necrosis,142,0.0,120,50
7-20-23_10arednuclei_ROI#13_or14_both_colonies_annotation_apop.csv,0.24813432835820892,0.1774193548387097,ApoptosisInColonies,MCF10A+7-20-23_10arednuclei_roi#13_or14_both_colonies_annotation_apop.csv,MCF10A,field14_two_colony,Apoptosis,248,0.0,120,50
7-20-23_10arednuclei_ROI#13_or14_both_colonies_annotation_nec.csv,0.5477453580901857,0.2334293948126801,NecrosisInColonies,MCF10A+7-20-23_10arednuclei_roi#13_or14_both_colonies_annotation_nec.csv,MCF10A,field14_two_colony,Necrosis,348,0.0,120,50
field13_crop-001_ROI#1_annotation_apop.csv,0.058252427184466035,0.14767932489451477,ApoptosisInColonies,MCF10A+field13_crop-001_roi#1_annotation_apop.csv,MCF10A,field13_colony,Apoptosis,237,0.0,5,100
field13_crop-001_ROI#1_annotation_nec.csv,0.2629846902275003,0.11003236245954692,NecrosisInColonies,MCF10A+field13_crop-001_roi#1_annotation_nec.csv,MCF10A,field13_colony,Necrosis,309,0.0,5,100
Field14-002_ROI#1_annotation_apop.csv,0.16240928882438324,0.14432989690721648,ApoptosisInColonies,MCF10A+field14-002_roi#1_annotation_apop.csv,MCF10A,field14_colony,Apoptosis,387,0.0,5,100
Field14-002_ROI#1_annotation_nec.csv,0.21011549183592193,0.12449799196787148,NecrosisInColonies,MCF10A+field14-002_roi#1_annotation_nec.csv,MCF10A,field14_colony,Necrosis,249,0.0,5,100
7-20-23_10arednuclei_ROI#10_annotation_apop.csv,0.035739313244568985,0.1702127659574468,ApoptosisInColonies,MCF10A+7-20-23_10arednuclei_roi#10_annotation_apop.csv,MCF10A,field11_colony,Apoptosis,47,0.029,5,100
7-20-23_10arednuclei_ROI#10_annotation_nec.csv,0.32302300777083653,0.14788732394366197,NecrosisInColonies,MCF10A+7-20-23_10arednuclei_roi#10_annotation_nec.csv,MCF10A,field11_colony,Necrosis,142,0.0,5,100
7-20-23_10arednuclei_ROI#13_or14_both_colonies_annotation_apop.csv,0.24732762737391167,0.14112903225806453,ApoptosisInColonies,MCF10A+7-20-23_10arednuclei_roi#13_or14_both_colonies_annotation_apop.csv,MCF10A,field14_two_colony,Apoptosis,248,0.0,5,100
7-20-23_10arednuclei_ROI#13_or14_both_colonies_annotation_nec.csv,0.5477506775067751,0.0893371757925072,NecrosisInColonies,MCF10A+7-20-23_10arednuclei_roi#13_or14_both_colonies_annotation_nec.csv,MCF10A,field14_two_colony,Necrosis,348,0.0,5,100
field13_crop-001_ROI#1_annotation_apop.csv,0.057838179519595426,0.1518987341772152,ApoptosisInColonies,MCF10A+field13_crop-001_roi#1_annotation_apop.csv,MCF10A,field13_colony,Apoptosis,237,0.0,10,100
field13_crop-001_ROI#1_annotation_nec.csv,0.2625786163522012,0.11974110032362459,NecrosisInColonies,MCF10A+field13_crop-001_roi#1_annotation_nec.csv,MCF10A,field13_colony,Necrosis,309,0.0,10,100
Field14-002_ROI#1_annotation_apop.csv,0.16231799892147514,0.15206185567010308,ApoptosisInColonies,MCF10A+field14-002_roi#1_annotation_apop.csv,MCF10A,field14_colony,Apoptosis,387,0.0,10,100
Field14-002_ROI#1_annotation_nec.csv,0.20323510570147332,0.13654618473895583,NecrosisInColonies,MCF10A+field14-002_roi#1_annotation_nec.csv,MCF10A,field14_colony,Necrosis,249,0.0,10,100
7-20-23_10arednuclei_ROI#10_annotation_apop.csv,0.03438596491228065,0.1702127659574468,ApoptosisInColonies,MCF10A+7-20-23_10arednuclei_roi#10_annotation_apop.csv,MCF10A,field11_colony,Apoptosis,47,0.027,10,100
7-20-23_10arednuclei_ROI#10_annotation_nec.csv,0.32302300777083653,0.14788732394366197,NecrosisInColonies,MCF10A+7-20-23_10arednuclei_roi#10_annotation_nec.csv,MCF10A,field11_colony,Necrosis,142,0.0,10,100
7-20-23_10arednuclei_ROI#13_or14_both_colonies_annotation_apop.csv,0.2448588486769366,0.14112903225806453,ApoptosisInColonies,MCF10A+7-20-23_10arednuclei_roi#13_or14_both_colonies_annotation_apop.csv,MCF10A,field14_two_colony,Apoptosis,248,0.0,10,100
7-20-23_10arednuclei_ROI#13_or14_both_colonies_annotation_nec.csv,0.5464724426568105,0.0893371757925072,NecrosisInColonies,MCF10A+7-20-23_10arednuclei_roi#13_or14_both_colonies_annotation_nec.csv,MCF10A,field14_two_colony,Necrosis,348,0.0,10,100
field13_crop-001_ROI#1_annotation_apop.csv,0.0596308566019877,0.1729957805907173,ApoptosisInColonies,MCF10A+field13_crop-001_roi#1_annotation_apop.csv,MCF10A,field13_colony,Apoptosis,237,0.001,30,100
field13_crop-001_ROI#1_annotation_nec.csv,0.25770547945205474,0.16828478964401294,NecrosisInColonies,MCF10A+field13_crop-001_roi#1_annotation_nec.csv,MCF10A,field13_colony,Necrosis,309,0.0,30,100
Field14-002_ROI#1_annotation_apop.csv,0.16152314584370334,0.15721649484536082,ApoptosisInColonies,MCF10A+field14-002_roi#1_annotation_apop.csv,MCF10A,field14_colony,Apoptosis,387,0.0,30,100
Field14-002_ROI#1_annotation_nec.csv,0.19730510105871027,0.15261044176706828,NecrosisInColonies,MCF10A+field14-002_roi#1_annotation_nec.csv,MCF10A,field14_colony,Necrosis,249,0.0,30,100
7-20-23_10arednuclei_ROI#10_annotation_apop.csv,0.022695035460992927,0.19148936170212766,ApoptosisInColonies,MCF10A+7-20-23_10arednuclei_roi#10_annotation_apop.csv,MCF10A,field11_colony,Apoptosis,47,0.037,30,100
7-20-23_10arednuclei_ROI#10_annotation_nec.csv,0.3240146654445463,0.16901408450704225,NecrosisInColonies,MCF10A+7-20-23_10arednuclei_roi#10_annotation_nec.csv,MCF10A,field11_colony,Necrosis,142,0.0,30,100
7-20-23_10arednuclei_ROI#13_or14_both_colonies_annotation_apop.csv,0.2472521372266016,0.14516129032258066,ApoptosisInColonies,MCF10A+7-20-23_10arednuclei_roi#13_or14_both_colonies_annotation_apop.csv,MCF10A,field14_two_colony,Apoptosis,248,0.0,30,100
7-20-23_10arednuclei_ROI#13_or14_both_colonies_annotation_nec.csv,0.5498046875,0.1440922190201729,NecrosisInColonies,MCF10A+7-20-23_10arednuclei_roi#13_or14_both_colonies_annotation_nec.csv,MCF10A,field14_two_colony,Necrosis,348,0.0,30,100
field13_crop-001_ROI#1_annotation_apop.csv,0.054054054054053995,0.17721518987341772,ApoptosisInColonies,MCF10A+field13_crop-001_roi#1_annotation_apop.csv,MCF10A,field13_colony,Apoptosis,237,0.0,60,100
field13_crop-001_ROI#1_annotation_nec.csv,0.24218750000000003,0.19741100323624594,NecrosisInColonies,MCF10A+field13_crop-001_roi#1_annotation_nec.csv,MCF10A,field13_colony,Necrosis,309,0.0,60,100
Field14-002_ROI#1_annotation_apop.csv,0.15934065934065936,0.16494845360824742,ApoptosisInColonies,MCF10A+field14-002_roi#1_annotation_apop.csv,MCF10A,field14_colony,Apoptosis,387,0.0,60,100
Field14-002_ROI#1_annotation_nec.csv,0.19526066350710905,0.18875502008032127,NecrosisInColonies,MCF10A+field14-002_roi#1_annotation_nec.csv,MCF10A,field14_colony,Necrosis,249,0.0,60,100
7-20-23_10arednuclei_ROI#10_annotation_apop.csv,0.033472803347280436,0.19148936170212766,ApoptosisInColonies,MCF10A+7-20-23_10arednuclei_roi#10_annotation_apop.csv,MCF10A,field11_colony,Apoptosis,47,0.032,60,100
7-20-23_10arednuclei_ROI#10_annotation_nec.csv,0.3118675252989881,0.20422535211267606,NecrosisInColonies,MCF10A+7-20-23_10arednuclei_roi#10_annotation_nec.csv,MCF10A,field11_colony,Necrosis,142,0.0,60,100
7-20-23_10arednuclei_ROI#13_or14_both_colonies_annotation_apop.csv,0.24506362439666518,0.16129032258064516,ApoptosisInColonies,MCF10A+7-20-23_10arednuclei_roi#13_or14_both_colonies_annotation_apop.csv,MCF10A,field14_two_colony,Apoptosis,248,0.0,60,100
7-20-23_10arednuclei_ROI#13_or14_both_colonies_annotation_nec.csv,0.5502008032128514,0.1930835734870317,NecrosisInColonies,MCF10A+7-20-23_10arednuclei_roi#13_or14_both_colonies_annotation_nec.csv,MCF10A,field14_two_colony,Necrosis,348,0.0,60,100
field13_crop-001_ROI#1_annotation_apop.csv,0.047788873038516366,0.19831223628691982,ApoptosisInColonies,MCF10A+field13_crop-001_roi#1_annotation_apop.csv,MCF10A,field13_colony,Apoptosis,237,0.003,90,100
field13_crop-001_ROI#1_annotation_nec.csv,0.22526041666666674,0.22653721682847897,NecrosisInColonies,MCF10A+field13_crop-001_roi#1_annotation_nec.csv,MCF10A,field13_colony,Necrosis,309,0.0,90,100
Field14-002_ROI#1_annotation_apop.csv,0.15044910179640716,0.18041237113402062,ApoptosisInColonies,MCF10A+field14-002_roi#1_annotation_apop.csv,MCF10A,field14_colony,Apoptosis,387,0.0,90,100
Field14-002_ROI#1_annotation_nec.csv,0.1734837799717912,0.21686746987951808,NecrosisInColonies,MCF10A+field14-002_roi#1_annotation_nec.csv,MCF10A,field14_colony,Necrosis,249,0.0,90,100
7-20-23_10arednuclei_ROI#10_annotation_apop.csv,0.006355932203389879,0.19148936170212766,ApoptosisInColonies,MCF10A+7-20-23_10arednuclei_roi#10_annotation_apop.csv,MCF10A,field11_colony,Apoptosis,47,0.044,90,100
7-20-23_10arednuclei_ROI#10_annotation_nec.csv,0.3133704735376045,0.20422535211267606,NecrosisInColonies,MCF10A+7-20-23_10arednuclei_roi#10_annotation_nec.csv,MCF10A,field11_colony,Necrosis,142,0.0,90,100
7-20-23_10arednuclei_ROI#13_or14_both_colonies_annotation_apop.csv,0.24542124542124535,0.16129032258064516,ApoptosisInColonies,MCF10A+7-20-23_10arednuclei_roi#13_or14_both_colonies_annotation_apop.csv,MCF10A,field14_two_colony,Apoptosis,248,0.0,90,100
7-20-23_10arednuclei_ROI#13_or14_both_colonies_annotation_nec.csv,0.5487077534791253,0.21037463976945245,NecrosisInColonies,MCF10A+7-20-23_10arednuclei_roi#13_or14_both_colonies_annotation_nec.csv,MCF10A,field14_two_colony,Necrosis,348,0.0,90,100
field13_crop-001_ROI#1_annotation_apop.csv,0.048543689320388286,0.20253164556962025,ApoptosisInColonies,MCF10A+field13_crop-001_roi#1_annotation_apop.csv,MCF10A,field13_colony,Apoptosis,237,0.003,120,100
field13_crop-001_ROI#1_annotation_nec.csv,0.2878048780487806,0.255663430420712,NecrosisInColonies,MCF10A+field13_crop-001_roi#1_annotation_nec.csv,MCF10A,field13_colony,Necrosis,309,0.0,120,100
Field14-002_ROI#1_annotation_apop.csv,0.16782178217821786,0.19072164948453607,ApoptosisInColonies,MCF10A+field14-002_roi#1_annotation_apop.csv,MCF10A,field14_colony,Apoptosis,387,0.0,120,100
Field14-002_ROI#1_annotation_nec.csv,0.2264492753623189,0.2289156626506024,NecrosisInColonies,MCF10A+field14-002_roi#1_annotation_nec.csv,MCF10A,field14_colony,Necrosis,249,0.0,120,100
7-20-23_10arednuclei_ROI#10_annotation_apop.csv,0.02506963788300824,0.2127659574468085,ApoptosisInColonies,MCF10A+7-20-23_10arednuclei_roi#10_annotation_apop.csv,MCF10A,field11_colony,Apoptosis,47,0.038,120,100
7-20-23_10arednuclei_ROI#10_annotation_nec.csv,0.28205128205128205,0.2323943661971831,NecrosisInColonies,MCF10A+7-20-23_10arednuclei_roi#10_annotation_nec.csv,MCF10A,field11_colony,Necrosis,142,0.0,120,100
7-20-23_10arednuclei_ROI#13_or14_both_colonies_annotation_apop.csv,0.2493261455525607,0.17338709677419356,ApoptosisInColonies,MCF10A+7-20-23_10arednuclei_roi#13_or14_both_colonies_annotation_apop.csv,MCF10A,field14_two_colony,Apoptosis,248,0.0,120,100
7-20-23_10arednuclei_ROI#13_or14_both_colonies_annotation_nec.csv,0.5167525773195876,0.2276657060518732,NecrosisInColonies,MCF10A+7-20-23_10arednuclei_roi#13_or14_both_colonies_annotation_nec.csv,MCF10A,field14_two_colony,Necrosis,348,0.0,120,100
field13_crop-001_ROI#1_annotation_apop.csv,0.047483124397299924,0.14345991561181434,ApoptosisInColonies,MCF10A+field13_crop-001_roi#1_annotation_apop.csv,MCF10A,field13_colony,Apoptosis,237,0.001,5,150
field13_crop-001_ROI#1_annotation_nec.csv,0.260854218143311,0.10355987055016182,NecrosisInColonies,MCF10A+field13_crop-001_roi#1_annotation_nec.csv,MCF10A,field13_colony,Necrosis,309,0.0,5,150
Field14-002_ROI#1_annotation_apop.csv,0.1619829683698297,0.14175257731958762,ApoptosisInColonies,MCF10A+field14-002_roi#1_annotation_apop.csv,MCF10A,field14_colony,Apoptosis,387,0.0,5,150
Field14-002_ROI#1_annotation_nec.csv,0.17882645141260473,0.11646586345381527,NecrosisInColonies,MCF10A+field14-002_roi#1_annotation_nec.csv,MCF10A,field14_colony,Necrosis,249,0.0,5,150
7-20-23_10arednuclei_ROI#10_annotation_apop.csv,0.09964487152705236,0.14893617021276595,ApoptosisInColonies,MCF10A+7-20-23_10arednuclei_roi#10_annotation_apop.csv,MCF10A,field11_colony,Apoptosis,47,0.002,5,150
7-20-23_10arednuclei_ROI#10_annotation_nec.csv,0.31976744186046513,0.14084507042253522,NecrosisInColonies,MCF10A+7-20-23_10arednuclei_roi#10_annotation_nec.csv,MCF10A,field11_colony,Necrosis,142,0.0,5,150
7-20-23_10arednuclei_ROI#13_or14_both_colonies_annotation_apop.csv,0.25016272510305926,0.13306451612903225,ApoptosisInColonies,MCF10A+7-20-23_10arednuclei_roi#13_or14_both_colonies_annotation_apop.csv,MCF10A,field14_two_colony,Apoptosis,248,0.0,5,150
7-20-23_10arednuclei_ROI#13_or14_both_colonies_annotation_nec.csv,0.5374838431710469,0.0893371757925072,NecrosisInColonies,MCF10A+7-20-23_10arednuclei_roi#13_or14_both_colonies_annotation_nec.csv,MCF10A,field14_two_colony,Necrosis,348,0.0,5,150
field13_crop-001_ROI#1_annotation_apop.csv,0.04945689854402591,0.14767932489451477,ApoptosisInColonies,MCF10A+field13_crop-001_roi#1_annotation_apop.csv,MCF10A,field13_colony,Apoptosis,237,0.0,10,150
field13_crop-001_ROI#1_annotation_nec.csv,0.2616532882692579,0.11650485436893204,NecrosisInColonies,MCF10A+field13_crop-001_roi#1_annotation_nec.csv,MCF10A,field13_colony,Necrosis,309,0.0,10,150
Field14-002_ROI#1_annotation_apop.csv,0.1639284558109421,0.14948453608247422,ApoptosisInColonies,MCF10A+field14-002_roi#1_annotation_apop.csv,MCF10A,field14_colony,Apoptosis,387,0.0,10,150
Field14-002_ROI#1_annotation_nec.csv,0.17754690649713134,0.12449799196787148,NecrosisInColonies,MCF10A+field14-002_roi#1_annotation_nec.csv,MCF10A,field14_colony,Necrosis,249,0.0,10,150
7-20-23_10arednuclei_ROI#10_annotation_apop.csv,0.08297872340425527,0.14893617021276595,ApoptosisInColonies,MCF10A+7-20-23_10arednuclei_roi#10_annotation_apop.csv,MCF10A,field11_colony,Apoptosis,47,0.005,10,150
7-20-23_10arednuclei_ROI#10_annotation_nec.csv,0.3177332535885167,0.14084507042253522,NecrosisInColonies,MCF10A+7-20-23_10arednuclei_roi#10_annotation_nec.csv,MCF10A,field11_colony,Necrosis,142,0.0,10,150
7-20-23_10arednuclei_ROI#13_or14_both_colonies_annotation_apop.csv,0.2505692291011602,0.13306451612903225,ApoptosisInColonies,MCF10A+7-20-23_10arednuclei_roi#13_or14_both_colonies_annotation_apop.csv,MCF10A,field14_two_colony,Apoptosis,248,0.0,10,150
7-20-23_10arednuclei_ROI#13_or14_both_colonies_annotation_nec.csv,0.5375834589704932,0.0893371757925072,NecrosisInColonies,MCF10A+7-20-23_10arednuclei_roi#13_or14_both_colonies_annotation_nec.csv,MCF10A,field14_two_colony,Necrosis,348,0.0,10,150
field13_crop-001_ROI#1_annotation_apop.csv,0.05231620188983634,0.16877637130801687,ApoptosisInColonies,MCF10A+field13_crop-001_roi#1_annotation_apop.csv,MCF10A,field13_colony,Apoptosis,237,0.001,30,150
field13_crop-001_ROI#1_annotation_nec.csv,0.25821398483572033,0.16181229773462782,NecrosisInColonies,MCF10A+field13_crop-001_roi#1_annotation_nec.csv,MCF10A,field13_colony,Necrosis,309,0.0,30,150
Field14-002_ROI#1_annotation_apop.csv,0.15883859948761736,0.15721649484536082,ApoptosisInColonies,MCF10A+field14-002_roi#1_annotation_apop.csv,MCF10A,field14_colony,Apoptosis,387,0.0,30,150
Field14-002_ROI#1_annotation_nec.csv,0.16666666666666666,0.14056224899598393,NecrosisInColonies,MCF10A+field14-002_roi#1_annotation_nec.csv,MCF10A,field14_colony,Necrosis,249,0.0,30,150
7-20-23_10arednuclei_ROI#10_annotation_apop.csv,0.08115015974440885,0.1702127659574468,ApoptosisInColonies,MCF10A+7-20-23_10arednuclei_roi#10_annotation_apop.csv,MCF10A,field11_colony,Apoptosis,47,0.006,30,150
7-20-23_10arednuclei_ROI#10_annotation_nec.csv,0.3204667863554757,0.1619718309859155,NecrosisInColonies,MCF10A+7-20-23_10arednuclei_roi#10_annotation_nec.csv,MCF10A,field11_colony,Necrosis,142,0.0,30,150
7-20-23_10arednuclei_ROI#13_or14_both_colonies_annotation_apop.csv,0.2524779435791309,0.13709677419354838,ApoptosisInColonies,MCF10A+7-20-23_10arednuclei_roi#13_or14_both_colonies_annotation_apop.csv,MCF10A,field14_two_colony,Apoptosis,248,0.0,30,150
7-20-23_10arednuclei_ROI#13_or14_both_colonies_annotation_nec.csv,0.5402261712439419,0.1440922190201729,NecrosisInColonies,MCF10A+7-20-23_10arednuclei_roi#13_or14_both_colonies_annotation_nec.csv,MCF10A,field14_two_colony,Necrosis,348,0.0,30,150
field13_crop-001_ROI#1_annotation_apop.csv,0.04353867531264472,0.1729957805907173,ApoptosisInColonies,MCF10A+field13_crop-001_roi#1_annotation_apop.csv,MCF10A,field13_colony,Apoptosis,237,0.0,60,150
field13_crop-001_ROI#1_annotation_nec.csv,0.23797250859106525,0.19741100323624594,NecrosisInColonies,MCF10A+field13_crop-001_roi#1_annotation_nec.csv,MCF10A,field13_colony,Necrosis,309,0.0,60,150
Field14-002_ROI#1_annotation_apop.csv,0.161510353227771,0.16237113402061856,ApoptosisInColonies,MCF10A+field14-002_roi#1_annotation_apop.csv,MCF10A,field14_colony,Apoptosis,387,0.0,60,150
Field14-002_ROI#1_annotation_nec.csv,0.1721611721611721,0.17670682730923695,NecrosisInColonies,MCF10A+field14-002_roi#1_annotation_nec.csv,MCF10A,field14_colony,Necrosis,249,0.0,60,150
7-20-23_10arednuclei_ROI#10_annotation_apop.csv,0.08585858585858576,0.1702127659574468,ApoptosisInColonies,MCF10A+7-20-23_10arednuclei_roi#10_annotation_apop.csv,MCF10A,field11_colony,Apoptosis,47,0.002,60,150
7-20-23_10arednuclei_ROI#10_annotation_nec.csv,0.31025179856115104,0.19718309859154928,NecrosisInColonies,MCF10A+7-20-23_10arednuclei_roi#10_annotation_nec.csv,MCF10A,field11_colony,Necrosis,142,0.0,60,150
7-20-23_10arednuclei_ROI#13_or14_both_colonies_annotation_apop.csv,0.25107573149741824,0.1532258064516129,ApoptosisInColonies,MCF10A+7-20-23_10arednuclei_roi#13_or14_both_colonies_annotation_apop.csv,MCF10A,field14_two_colony,Apoptosis,248,0.0,60,150
7-20-23_10arednuclei_ROI#13_or14_both_colonies_annotation_nec.csv,0.5392287234042553,0.1930835734870317,NecrosisInColonies,MCF10A+7-20-23_10arednuclei_roi#13_or14_both_colonies_annotation_nec.csv,MCF10A,field14_two_colony,Necrosis,348,0.0,60,150
field13_crop-001_ROI#1_annotation_apop.csv,0.03963838664812236,0.1940928270042194,ApoptosisInColonies,MCF10A+field13_crop-001_roi#1_annotation_apop.csv,MCF10A,field13_colony,Apoptosis,237,0.001,90,150
field13_crop-001_ROI#1_annotation_nec.csv,0.2170542635658915,0.22653721682847897,NecrosisInColonies,MCF10A+field13_crop-001_roi#1_annotation_nec.csv,MCF10A,field13_colony,Necrosis,309,0.0,90,150
Field14-002_ROI#1_annotation_apop.csv,0.1509502923976608,0.18041237113402062,ApoptosisInColonies,MCF10A+field14-002_roi#1_annotation_apop.csv,MCF10A,field14_colony,Apoptosis,387,0.0,90,150
Field14-002_ROI#1_annotation_nec.csv,0.14814814814814808,0.20883534136546184,NecrosisInColonies,MCF10A+field14-002_roi#1_annotation_nec.csv,MCF10A,field14_colony,Necrosis,249,0.0,90,150
7-20-23_10arednuclei_ROI#10_annotation_apop.csv,0.07386363636363628,0.1702127659574468,ApoptosisInColonies,MCF10A+7-20-23_10arednuclei_roi#10_annotation_apop.csv,MCF10A,field11_colony,Apoptosis,47,0.004,90,150
7-20-23_10arednuclei_ROI#10_annotation_nec.csv,0.30452674897119336,0.19718309859154928,NecrosisInColonies,MCF10A+7-20-23_10arednuclei_roi#10_annotation_nec.csv,MCF10A,field11_colony,Necrosis,142,0.0,90,150
7-20-23_10arednuclei_ROI#13_or14_both_colonies_annotation_apop.csv,0.24934469200524245,0.1532258064516129,ApoptosisInColonies,MCF10A+7-20-23_10arednuclei_roi#13_or14_both_colonies_annotation_apop.csv,MCF10A,field14_two_colony,Apoptosis,248,0.0,90,150
7-20-23_10arednuclei_ROI#13_or14_both_colonies_annotation_nec.csv,0.5369458128078818,0.21037463976945245,NecrosisInColonies,MCF10A+7-20-23_10arednuclei_roi#13_or14_both_colonies_annotation_nec.csv,MCF10A,field14_two_colony,Necrosis,348,0.0,90,150
field13_crop-001_ROI#1_annotation_apop.csv,0.043519394512772064,0.19831223628691982,ApoptosisInColonies,MCF10A+field13_crop-001_roi#1_annotation_apop.csv,MCF10A,field13_colony,Apoptosis,237,0.0,120,150
field13_crop-001_ROI#1_annotation_nec.csv,0.2868589743589743,0.2524271844660194,NecrosisInColonies,MCF10A+field13_crop-001_roi#1_annotation_nec.csv,MCF10A,field13_colony,Necrosis,309,0.0,120,150
Field14-002_ROI#1_annotation_apop.csv,0.17141477547078712,0.18814432989690721,ApoptosisInColonies,MCF10A+field14-002_roi#1_annotation_apop.csv,MCF10A,field14_colony,Apoptosis,387,0.0,120,150
Field14-002_ROI#1_annotation_nec.csv,0.19257950530035334,0.22088353413654618,NecrosisInColonies,MCF10A+field14-002_roi#1_annotation_nec.csv,MCF10A,field14_colony,Necrosis,249,0.0,120,150
7-20-23_10arednuclei_ROI#10_annotation_apop.csv,0.07341772151898739,0.1702127659574468,ApoptosisInColonies,MCF10A+7-20-23_10arednuclei_roi#10_annotation_apop.csv,MCF10A,field11_colony,Apoptosis,47,0.004,120,150
7-20-23_10arednuclei_ROI#10_annotation_nec.csv,0.2743682310469315,0.22535211267605634,NecrosisInColonies,MCF10A+7-20-23_10arednuclei_roi#10_annotation_nec.csv,MCF10A,field11_colony,Necrosis,142,0.0,120,150
7-20-23_10arednuclei_ROI#13_or14_both_colonies_annotation_apop.csv,0.25143868968570154,0.1693548387096774,ApoptosisInColonies,MCF10A+7-20-23_10arednuclei_roi#13_or14_both_colonies_annotation_apop.csv,MCF10A,field14_two_colony,Apoptosis,248,0.0,120,150
7-20-23_10arednuclei_ROI#13_or14_both_colonies_annotation_nec.csv,0.5089514066496164,0.2276657060518732,NecrosisInColonies,MCF10A+7-20-23_10arednuclei_roi#13_or14_both_colonies_annotation_nec.csv,MCF10A,field14_two_colony,Necrosis,348,0.0,120,150
field13_crop-001_ROI#1_annotation_apop.csv,0.03613438917505952,0.13924050632911392,ApoptosisInColonies,MCF10A+field13_crop-001_roi#1_annotation_apop.csv,MCF10A,field13_colony,Apoptosis,237,0.001,5,200
field13_crop-001_ROI#1_annotation_nec.csv,0.26014319809069214,0.10355987055016182,NecrosisInColonies,MCF10A+field13_crop-001_roi#1_annotation_nec.csv,MCF10A,field13_colony,Necrosis,309,0.0,5,200
Field14-002_ROI#1_annotation_apop.csv,0.1625544267053701,0.13917525773195877,ApoptosisInColonies,MCF10A+field14-002_roi#1_annotation_apop.csv,MCF10A,field14_colony,Apoptosis,387,0.0,5,200
Field14-002_ROI#1_annotation_nec.csv,0.11311172668513392,0.11646586345381527,NecrosisInColonies,MCF10A+field14-002_roi#1_annotation_nec.csv,MCF10A,field14_colony,Necrosis,249,0.0,5,200
7-20-23_10arednuclei_ROI#10_annotation_apop.csv,0.0954374215152783,0.14893617021276595,ApoptosisInColonies,MCF10A+7-20-23_10arednuclei_roi#10_annotation_apop.csv,MCF10A,field11_colony,Apoptosis,47,0.002,5,200
7-20-23_10arednuclei_ROI#10_annotation_nec.csv,0.31786404878774355,0.14084507042253522,NecrosisInColonies,MCF10A+7-20-23_10arednuclei_roi#10_annotation_nec.csv,MCF10A,field11_colony,Necrosis,142,0.0,5,200
7-20-23_10arednuclei_ROI#13_or14_both_colonies_annotation_apop.csv,0.24881541914567673,0.12096774193548387,ApoptosisInColonies,MCF10A+7-20-23_10arednuclei_roi#13_or14_both_colonies_annotation_apop.csv,MCF10A,field14_two_colony,Apoptosis,248,0.0,5,200
7-20-23_10arednuclei_ROI#13_or14_both_colonies_annotation_nec.csv,0.5324019344438474,0.08645533141210375,NecrosisInColonies,MCF10A+7-20-23_10arednuclei_roi#13_or14_both_colonies_annotation_nec.csv,MCF10A,field14_two_colony,Necrosis,348,0.0,5,200
field13_crop-001_ROI#1_annotation_apop.csv,0.042784017113606757,0.14345991561181434,ApoptosisInColonies,MCF10A+field13_crop-001_roi#1_annotation_apop.csv,MCF10A,field13_colony,Apoptosis,237,0.001,10,200
field13_crop-001_ROI#1_annotation_nec.csv,0.25717905405405406,0.11650485436893204,NecrosisInColonies,MCF10A+field13_crop-001_roi#1_annotation_nec.csv,MCF10A,field13_colony,Necrosis,309,0.0,10,200
Field14-002_ROI#1_annotation_apop.csv,0.15942204953861105,0.14690721649484537,ApoptosisInColonies,MCF10A+field14-002_roi#1_annotation_apop.csv,MCF10A,field14_colony,Apoptosis,387,0.0,10,200
Field14-002_ROI#1_annotation_nec.csv,0.1120676402767102,0.12449799196787148,NecrosisInColonies,MCF10A+field14-002_roi#1_annotation_nec.csv,MCF10A,field14_colony,Necrosis,249,0.0,10,200
7-20-23_10arednuclei_ROI#10_annotation_apop.csv,0.10052029136316334,0.14893617021276595,ApoptosisInColonies,MCF10A+7-20-23_10arednuclei_roi#10_annotation_apop.csv,MCF10A,field11_colony,Apoptosis,47,0.002,10,200
7-20-23_10arednuclei_ROI#10_annotation_nec.csv,0.3182696595807938,0.14084507042253522,NecrosisInColonies,MCF10A+7-20-23_10arednuclei_roi#10_annotation_nec.csv,MCF10A,field11_colony,Necrosis,142,0.0,10,200
7-20-23_10arednuclei_ROI#13_or14_both_colonies_annotation_apop.csv,0.25121630739727985,0.12096774193548387,ApoptosisInColonies,MCF10A+7-20-23_10arednuclei_roi#13_or14_both_colonies_annotation_apop.csv,MCF10A,field14_two_colony,Apoptosis,248,0.0,10,200
7-20-23_10arednuclei_ROI#13_or14_both_colonies_annotation_nec.csv,0.5334048257372654,0.08645533141210375,NecrosisInColonies,MCF10A+7-20-23_10arednuclei_roi#13_or14_both_colonies_annotation_nec.csv,MCF10A,field14_two_colony,Necrosis,348,0.0,10,200
field13_crop-001_ROI#1_annotation_apop.csv,0.041762276273519985,0.16455696202531644,ApoptosisInColonies,MCF10A+field13_crop-001_roi#1_annotation_apop.csv,MCF10A,field13_colony,Apoptosis,237,0.0,30,200
field13_crop-001_ROI#1_annotation_nec.csv,0.2560873215785054,0.16181229773462782,NecrosisInColonies,MCF10A+field13_crop-001_roi#1_annotation_nec.csv,MCF10A,field13_colony,Necrosis,309,0.0,30,200
Field14-002_ROI#1_annotation_apop.csv,0.1607748184019371,0.15463917525773196,ApoptosisInColonies,MCF10A+field14-002_roi#1_annotation_apop.csv,MCF10A,field14_colony,Apoptosis,387,0.0,30,200
Field14-002_ROI#1_annotation_nec.csv,0.0993006993006993,0.14056224899598393,NecrosisInColonies,MCF10A+field14-002_roi#1_annotation_nec.csv,MCF10A,field14_colony,Necrosis,249,0.0,30,200
7-20-23_10arednuclei_ROI#10_annotation_apop.csv,0.10267579340385816,0.1702127659574468,ApoptosisInColonies,MCF10A+7-20-23_10arednuclei_roi#10_annotation_apop.csv,MCF10A,field11_colony,Apoptosis,47,0.001,30,200
7-20-23_10arednuclei_ROI#10_annotation_nec.csv,0.3187108325872874,0.1619718309859155,NecrosisInColonies,MCF10A+7-20-23_10arednuclei_roi#10_annotation_nec.csv,MCF10A,field11_colony,Necrosis,142,0.0,30,200
7-20-23_10arednuclei_ROI#13_or14_both_colonies_annotation_apop.csv,0.24967741935483867,0.12903225806451613,ApoptosisInColonies,MCF10A+7-20-23_10arednuclei_roi#13_or14_both_colonies_annotation_apop.csv,MCF10A,field14_two_colony,Apoptosis,248,0.0,30,200
7-20-23_10arednuclei_ROI#13_or14_both_colonies_annotation_nec.csv,0.5357603092783506,0.14121037463976946,NecrosisInColonies,MCF10A+7-20-23_10arednuclei_roi#13_or14_both_colonies_annotation_nec.csv,MCF10A,field14_two_colony,Necrosis,348,0.0,30,200
field13_crop-001_ROI#1_annotation_apop.csv,0.03983516483516485,0.16877637130801687,ApoptosisInColonies,MCF10A+field13_crop-001_roi#1_annotation_apop.csv,MCF10A,field13_colony,Apoptosis,237,0.0,60,200
field13_crop-001_ROI#1_annotation_nec.csv,0.23544520547945205,0.1941747572815534,NecrosisInColonies,MCF10A+field13_crop-001_roi#1_annotation_nec.csv,MCF10A,field13_colony,Necrosis,309,0.0,60,200
Field14-002_ROI#1_annotation_apop.csv,0.16198547215496373,0.15979381443298968,ApoptosisInColonies,MCF10A+field14-002_roi#1_annotation_apop.csv,MCF10A,field14_colony,Apoptosis,387,0.0,60,200
Field14-002_ROI#1_annotation_nec.csv,0.10646041856232938,0.17670682730923695,NecrosisInColonies,MCF10A+field14-002_roi#1_annotation_nec.csv,MCF10A,field14_colony,Necrosis,249,0.0,60,200
7-20-23_10arednuclei_ROI#10_annotation_apop.csv,0.09813664596273283,0.1702127659574468,ApoptosisInColonies,MCF10A+7-20-23_10arednuclei_roi#10_annotation_apop.csv,MCF10A,field11_colony,Apoptosis,47,0.002,60,200
7-20-23_10arednuclei_ROI#10_annotation_nec.csv,0.30665467625899273,0.19718309859154928,NecrosisInColonies,MCF10A+7-20-23_10arednuclei_roi#10_annotation_nec.csv,MCF10A,field11_colony,Necrosis,142,0.0,60,200
7-20-23_10arednuclei_ROI#13_or14_both_colonies_annotation_apop.csv,0.24680851063829787,0.14112903225806453,ApoptosisInColonies,MCF10A+7-20-23_10arednuclei_roi#13_or14_both_colonies_annotation_apop.csv,MCF10A,field14_two_colony,Apoptosis,248,0.0,60,200
7-20-23_10arednuclei_ROI#13_or14_both_colonies_annotation_nec.csv,0.5347912524850895,0.19020172910662825,NecrosisInColonies,MCF10A+7-20-23_10arednuclei_roi#13_or14_both_colonies_annotation_nec.csv,MCF10A,field14_two_colony,Necrosis,348,0.0,60,200
field13_crop-001_ROI#1_annotation_apop.csv,0.03310344827586212,0.189873417721519,ApoptosisInColonies,MCF10A+field13_crop-001_roi#1_annotation_apop.csv,MCF10A,field13_colony,Apoptosis,237,0.004,90,200
field13_crop-001_ROI#1_annotation_nec.csv,0.21666666666666662,0.22653721682847897,NecrosisInColonies,MCF10A+field13_crop-001_roi#1_annotation_nec.csv,MCF10A,field13_colony,Necrosis,309,0.0,90,200
Field14-002_ROI#1_annotation_apop.csv,0.14713399050748452,0.18041237113402062,ApoptosisInColonies,MCF10A+field14-002_roi#1_annotation_apop.csv,MCF10A,field14_colony,Apoptosis,387,0.0,90,200
Field14-002_ROI#1_annotation_nec.csv,0.0894308943089431,0.20883534136546184,NecrosisInColonies,MCF10A+field14-002_roi#1_annotation_nec.csv,MCF10A,field14_colony,Necrosis,249,0.0,90,200
7-20-23_10arednuclei_ROI#10_annotation_apop.csv,0.08411214953271035,0.1702127659574468,ApoptosisInColonies,MCF10A+7-20-23_10arednuclei_roi#10_annotation_apop.csv,MCF10A,field11_colony,Apoptosis,47,0.006,90,200
7-20-23_10arednuclei_ROI#10_annotation_nec.csv,0.29848693259972486,0.19718309859154928,NecrosisInColonies,MCF10A+7-20-23_10arednuclei_roi#10_annotation_nec.csv,MCF10A,field11_colony,Necrosis,142,0.0,90,200
7-20-23_10arednuclei_ROI#13_or14_both_colonies_annotation_apop.csv,0.2484672474991933,0.14516129032258066,ApoptosisInColonies,MCF10A+7-20-23_10arednuclei_roi#13_or14_both_colonies_annotation_apop.csv,MCF10A,field14_two_colony,Apoptosis,248,0.0,90,200
7-20-23_10arednuclei_ROI#13_or14_both_colonies_annotation_nec.csv,0.5309126594700687,0.21037463976945245,NecrosisInColonies,MCF10A+7-20-23_10arednuclei_roi#13_or14_both_colonies_annotation_nec.csv,MCF10A,field14_two_colony,Necrosis,348,0.0,90,200
field13_crop-001_ROI#1_annotation_apop.csv,0.035747883349012126,0.1940928270042194,ApoptosisInColonies,MCF10A+field13_crop-001_roi#1_annotation_apop.csv,MCF10A,field13_colony,Apoptosis,237,0.003,120,200
field13_crop-001_ROI#1_annotation_nec.csv,0.28320000000000006,0.2459546925566343,NecrosisInColonies,MCF10A+field13_crop-001_roi#1_annotation_nec.csv,MCF10A,field13_colony,Necrosis,309,0.0,120,200
Field14-002_ROI#1_annotation_apop.csv,0.17059106198942814,0.18814432989690721,ApoptosisInColonies,MCF10A+field14-002_roi#1_annotation_apop.csv,MCF10A,field14_colony,Apoptosis,387,0.0,120,200
Field14-002_ROI#1_annotation_nec.csv,0.13157894736842102,0.22088353413654618,NecrosisInColonies,MCF10A+field14-002_roi#1_annotation_nec.csv,MCF10A,field14_colony,Necrosis,249,0.0,120,200
7-20-23_10arednuclei_ROI#10_annotation_apop.csv,0.08933002481389572,0.1702127659574468,ApoptosisInColonies,MCF10A+7-20-23_10arednuclei_roi#10_annotation_apop.csv,MCF10A,field11_colony,Apoptosis,47,0.002,120,200
7-20-23_10arednuclei_ROI#10_annotation_nec.csv,0.27598566308243727,0.22535211267605634,NecrosisInColonies,MCF10A+7-20-23_10arednuclei_roi#10_annotation_nec.csv,MCF10A,field11_colony,Necrosis,142,0.0,120,200
7-20-23_10arednuclei_ROI#13_or14_both_colonies_annotation_apop.csv,0.25314806773773346,0.15725806451612903,ApoptosisInColonies,MCF10A+7-20-23_10arednuclei_roi#13_or14_both_colonies_annotation_apop.csv,MCF10A,field14_two_colony,Apoptosis,248,0.0,120,200
7-20-23_10arednuclei_ROI#13_or14_both_colonies_annotation_nec.csv,0.5031847133757963,0.2276657060518732,NecrosisInColonies,MCF10A+7-20-23_10arednuclei_roi#13_or14_both_colonies_annotation_nec.csv,MCF10A,field14_two_colony,Necrosis,348,0.0,120,200
